authors,avg_rating,ratings_count,title
Delia Owens,4.8,19380,Where the Crawdads Sing
IglooBooks,N/A,0,Disney: Storybook Collection Advent Calendar
Daniel Silva,4.6,631,The New Girl: A Novel (Gabriel Allon Book 19)
Tara Westover,4.7,8741,Educated: A Memoir
David Baldacci,4.1,318,One Good Deed
Elin Hilderbrand,4.3,590,Summer of '69
Mariana Zapata,4.7,293,The Best Thing
Dav Pilkey,4.8,59,Dog Man: For Whom the Ball Rolls: From the Creator of Captain Underpants (Dog Man #7)
Nora Roberts,4.5,569,Under Currents: A Novel
Mo Willems,4.8,103,The Pigeon HAS to Go to School!
Mark Edwards,4.2,434,Here To Stay
Claire McGowan,4.3,1065,What You Did
James Patterson,3.7,42,The Inn
Mark R. Levin,4.9,2256,Unfreedom of the Press
Toni Morrison,4.2,978,Beloved
Candace Owens,N/A,0,Blackout: How Black America Can Make Its Second Escape from the Democrat Plantation
Colson Whitehead,4.5,151,The Nickel Boys: A Novel
Alex Michaelides,4.3,2923,The Silent Patient
Elizabeth Gilbert,4.2,484,City of Girls: A Novel
Sandra Brown,4.0,69,Outfox
The College Board,4.3,43,Official SAT Study Guide 2020 Edition
Emily Winfield Martin,4.8,2084,The Wonderful Things You Will Be
Robert Crais,4.2,161,A Dangerous Man (An Elvis Cole and Joe Pike Novel Book 18)
Lisa Taddeo,3.9,173,Three Women
Michelle Obama,4.9,14507,Becoming
Mary Beth Keane,4.3,342,"Ask Again, Yes: A Novel"
Jennifer Weiner,3.8,568,Mrs. Everything: A Novel
Mark Manson,4.4,5685,The Subtle Art of Not Giving a F*ck: A Counterintuitive Approach to Living a Good Life
Michael Chatfield,4.3,120,The Fifth Realm (Ten Realms Book 5)
Gary Chapman,4.8,12471,The 5 Love Languages: The Secret to Love that Lasts
"Publication Manual of the American Psychological Association, 6th Edition",4.3,4226,"Publication Manual of the American Psychological Association, 6th Edition"
Harper Lee,4.8,10248,To Kill a Mockingbird
Julie Danneberg,4.7,442,First Day Jitters (Mrs. Hartwell's Classroom Adventures)
Wizards RPG Team,4.6,3512,Player's Handbook (Dungeons & Dragons)
Catherine Coulter,4.6,113,Labyrinth (An FBI Thriller Book 23)
School Zone,4.8,1371,"School Zone - Big Preschool Workbook - Ages 4 and Up, Colors, Shapes, Numbers 1-10, Alphabet, Pre-Writing, Pre-Reading, Phonics, and More (School Zone Big Workbook Series)"
Tom Rath,4.0,3727,StrengthsFinder 2.0
Wizards RPG Team,4.7,260,"Dungeons & Dragons Core Rulebooks Gift Set (Special Foil Covers Edition with Slipcase, Player's Handbook, Dungeon Master's Guide, Monster Manual, DM Screen)"
Brené Brown,4.5,431,Dare to Lead: Brave Work. Tough Conversations. Whole Hearts.
Linda Holmes,4.4,444,Evvie Drake Starts Over: A Novel
Garth Stein,4.7,8549,The Art of Racing in the Rain: A Novel
Toni Morrison,4.2,967,The Bluest Eye (Vintage International)
Lysa TerKeurst,4.8,889,It's Not Supposed to Be This Way: Finding Unexpected Strength When Disappointments Leave You Shattered
Tui T. Sutherland,3.7,146,"The Poison Jungle (Wings of Fire, Book 13)"
F. Scott Fitzgerald,4.3,6240,The Great Gatsby
ACT,4.3,37,"The Official ACT Prep Guide 2019-2020, (Book + 5 Practice Tests + Bonus Online Content)"
Don Miguel Ruiz,4.6,8038,The Four Agreements: A Practical Guide to Personal Freedom (A Toltec Wisdom Book)
Adir Levy,4.8,644,What Should Danny Do? (The Power to Choose Series)
Adir Levy,4.8,644,What Should Danny Do? (The Power to Choose Series)
Rachel Hollis,4.6,10805,"Girl, Wash Your Face: Stop Believing the Lies About Who You Are So You Can Become Who You Were Meant to Be"
Ray Bradbury,4.4,3427,Fahrenheit 451
Ian Morgan Cron,4.7,543,The Road Back to You: An Enneagram Journey to Self-Discovery
Anna Ellory,4.4,135,The Rabbit Girls
Thomas C Foster,4.3,861,"How to Read Literature Like a Professor: A Lively and Entertaining Guide to Reading Between the Lines, Revised Edition"
Lisa Wingate,4.7,10268,Before We Were Yours: A Novel
Jason Bulmahn,4.0,70,Pathfinder Core Rulebook (P2)
Ocean Ramsey,5.0,2,"What You Should Know About Sharks: Shark Language, social behavior, human inter- actions, and life saving information"
"van der Kolk M.D., Bessel",4.8,2033,"The Body Keeps the Score: Brain, Mind, and Body in the Healing of Trauma"
David Goggins,4.8,3303,Can't Hurt Me: Master Your Mind and Defy the Odds
Paulo Coelho,4.6,12416,The Alchemist
Mollie Hemingway,4.8,502,Justice on Trial: The Kavanaugh Confirmation and the Future of the Supreme Court
Eric Carle,4.6,3701,The Very Hungry Caterpillar
"Li MD, William W",4.4,203,Eat to Beat Disease: The New Science of How Your Body Can Heal Itself
Melissa Payne,4.7,217,The Secrets of Lost Stones
Celeste Ng,4.3,4355,Little Fires Everywhere: A Novel
Jana DeLeon,4.9,325,Cajun Fried Felony (A Miss Fortune Mystery Book 15)
Jia Tolentino,4.0,11,Trick Mirror: Reflections on Self-Delusion
Cassy Joy Garcia,4.9,468,"Cook Once, Eat All Week: 26 Weeks of Gluten-Free, Affordable  Meal Prep to Preserve Your Time & Sanity"
S. E. Hinton,4.7,2524,The Outsiders
James Clear,4.9,1157,Atomic Habits: An Easy & Proven Way to Build Good Habits & Break Bad Ones
Megan Miranda,4.0,152,The Last House Guest
Kristina McMorris,4.3,1084,Sold on a Monday: A Novel
Rachel Hollis,4.6,1638,"Girl, Stop Apologizing (Audible Exclusive Edition): A Shame-Free Plan for Embracing and Achieving Your Goals"
Ryan T. Higgins,4.9,245,We Don't Eat Our Classmates
Yuval Noah Harari,4.5,6128,Sapiens: A Brief History of Humankind
Samin Nosrat,4.8,927,"Salt, Fat, Acid, Heat: Mastering the Elements of Good Cooking"
Heather Morris,4.6,2580,The Tattooist of Auschwitz: A Novel
Dale Carnegie,4.6,7459,How to Win Friends & Influence People
Dave Ramsey,4.5,86,The Total Money Makeover: A Proven Plan for Financial Fitness
Richard Powers,4.4,878,The Overstory: A Novel
Richard Russo,3.9,64,Chances Are . . .: A novel
Gabrielle Bernstein,N/A,0,Super Attractor: Methods for Manifesting a Life beyond Your Wildest Dreams
Adam Rubin,4.5,2418,Dragons Love Tacos
Dr. Seuss,4.8,4724,"Oh, the Places You'll Go!  "
J. K. Rowling,N/A,0,Harry Potter and the Goblet of Fire: The Illustrated Edition
Toni Morrison,4.2,407,Song of Solomon
Elie Wiesel,4.7,4946,Night (Night)
Brené Brown,4.7,3292,"Daring Greatly: How the Courage to Be Vulnerable Transforms the Way We Live, Love, Parent, and Lead"
Tao Le,4.1,162,"First Aid for the USMLE Step 1 2019,  Twenty-ninth edition"
Adir Levy,4.8,241,What Should Danny Do? School Day (The Power to Choose Series)
Ruth Ware,4.2,140,The Turn of the Key
Jennifer Smith,4.5,2348,Instant Pot Pressure Cooker Cookbook: 500 Everyday Recipes for Beginners and Advanced Users. Try Easy and Healthy Instant Pot Recipes.
Lisa Jewell,4.4,1244,Then She Was Gone: A Novel
Rand McNally,4.6,169,Rand McNally 2020 Large Scale Road Atlas
Hopscotch Girls,4.6,230,"I Am Confident, Brave & Beautiful: A Coloring Book for Girls"
Giles Andreae,4.6,3986,Giraffes Can't Dance
Jordan B. Peterson,4.6,5225,12 Rules for Life: An Antidote to Chaos
American Psychiatric Association,4.2,3052,"Diagnostic and Statistical Manual of Mental Disorders, 5th Edition: DSM-5"
Amy Ramos,4.1,2179,The Complete Ketogenic Diet for Beginners: Your Essential Guide to Living the Keto Lifestyle
Craig Smith,4.7,5982,The Wonky Donkey
William Golding,4.3,2878,Lord of the Flies
Jamie Oliver,4.5,358,5 Ingredients: Quick & Easy Food
Gail Honeyman,4.6,5383,Eleanor Oliphant Is Completely Fine: A Novel
Chris Voss,4.8,2288,Never Split the Difference: Negotiating as if Your Life Depended on It
William H. McRaven,4.7,2715,Make Your Bed: Little Things That Can Change Your Life...And Maybe the World
David McCullough,4.2,567,The Pioneers: The Heroic Story of the Settlers Who Brought the American Ideal West
Ann Whitford Paul,4.6,1339,If Animals Kissed Good Night
Margaret Wise Brown,4.7,3473,Goodnight Moon
Heidi Murkoff,4.4,999,What to Expect When You're Expecting
Dr. Jason Fung,4.7,2542,The Obesity Code: Unlocking the Secrets of Weight Loss
Kaplan Test Prep,4.2,232,MCAT Complete 7-Book Subject Review 2020-2021: Online + Book + 3 Practice Tests (Kaplan Test Prep)
Jocko Willink,4.8,2880,Extreme Ownership: How U.S. Navy SEALs Lead and Win
Ariana Madix,N/A,0,Fancy AF Cocktails: Drink Recipes from a Couple of Professional Drinkers
Adrian McKinty,4.1,226,The Chain
Jen Sincero,4.6,4617,You Are a Badass: How to Stop Doubting Your Greatness and Start Living an Awesome Life
Jacqueline Woodson,4.7,87,The Day You Begin
George Orwell,4.5,7055,1984 (Signet Classics)
Amy Harmon,4.8,3583,What the Wind Knows
Brené Brown,4.6,4118,The Gifts of Imperfection: Let Go of Who You Think You're Supposed to Be and Embrace Who You Are (1)
Toni Morrison,4.3,34,"The Source of Self-Regard: Selected Essays, Speeches, and Meditations"
J. K. Rowling,4.8,3261,Harry Potter Paperback Box Set (Books 1-7)
Clea Shearer,4.6,410,The Home Edit: A Guide to Organizing and Realizing Your House Goals (Includes Refrigerator  Labels)
Suzanne Ryan,4.8,1526,"Simply Keto: A Practical Approach to Health & Weight Loss, with 100+ Easy Low-Carb Recipes"
D.J. Steinberg,4.7,490,"Kindergarten, Here I Come!"
Anthony William,4.7,1646,"Medical Medium Liver Rescue: Answers to Eczema, Psoriasis, Diabetes, Strep, Acne, Gout, Bloating, Gallstones, Adrenal Stress, Fatigue, Fatty Liver, Weight Issues, SIBO & Autoimmune Disease"
Future Press,4.3,88,Dark Souls Trilogy Compendium
Valorie Schaefer,4.8,2936,"The Care and Keeping of You: The Body Book for Younger Girls, Revised Edition (American Girl Library)"
Lisa A. Urry,4.1,171,Campbell Biology (11th Edition)
Robin DiAngelo,4.3,473,White Fragility: Why It's So Hard for White People to Talk About Racism
Lori Gottlieb,4.7,615,"Maybe You Should Talk to Someone: A Therapist, HER Therapist, and Our Lives Revealed"
Trevor Noah,4.8,7202,Born a Crime: Stories from a South African Childhood
Reece Hirsch,4.4,93,Black Nowhere (Lisa Tanchik Book 1)
John J Newman,2.9,770,"United States History: Preparing for the Advanced Placement Examination, 2018 Edition"
John Steinbeck,4.4,2609,Of Mice and Men
"Martin Jr., Bill",4.8,2837,"Brown Bear, Brown Bear, What Do You See?"
Wizards RPG Team,4.5,794,Xanathar's Guide to Everything (Dungeons & Dragons)
Anthony William,4.8,377,Medical Medium Celery Juice: The Most Powerful Medicine of Our Time Healing Millions Worldwide
Hannah Shaw,5.0,178,Tiny But Mighty: Kitten Lady's Guide to Saving the Most Vulnerable Felines
Ray Dalio,4.4,998,Principles: Life and Work
Wizards RPG Team,4.7,1405,"Dungeons & Dragons Monster Manual (Core Rulebook, D&D Roleplaying Game)"
Lois Lowry,4.4,6504,The Giver (1) (Giver Quartet)
Julia Cook,4.7,706,My Mouth Is A Volcano
Natasha Wing,4.6,368,The Night Before Kindergarten
Alvin Schwartz,4.2,927,Scary Stories Paperback Box Set: The Complete 3-Book Collection with Classic Art by Stephen Gammell
Alvin Schwartz,4.2,927,Scary Stories Paperback Box Set: The Complete 3-Book Collection with Classic Art by Stephen Gammell
"Vallerand PhD  RN  FAAN, April Hazard",4.5,99,Davis's Drug Guide for Nurses
Viktor E. Frankl,4.7,4394,Man's Search for Meaning
Charlie Mackesy,N/A,0,"The Boy, the Mole, the Fox and the Horse"
Wizards RPG Team,4.6,1450,"Dungeons & Dragons Dungeon Master's Guide (Core Rulebook, D&D Roleplaying Game)"
"Silvestri PhD  RN, Linda Anne",4.8,703,Saunders Comprehensive Review for the NCLEX-RN (Saunders Comprehensive Review for Nclex-Rn)
Amy Shields,4.7,1037,National Geographic Little Kids First Big Book of Why (National Geographic Little Kids First Big Books)
Gary John Bishop,4.6,1310,Unfu*k Yourself: Get Out of Your Head and into Your Life
Pamela M. Kelley,4.2,285,The Nantucket Inn (Nantucket Beach Plum Cove series Book 1)
Wizards RPG Team,4.6,1373,Dungeons & Dragons Starter Set
Ramit Sethi,4.7,277,I Will Teach You to Be Rich: No Guilt. No Excuses. No B.S. Just a 6-Week Program That Works (Second Edition)
Ellen Javernick,4.6,1070,What If Everybody Did That?
Drew Daywalt,4.8,3937,The Day the Crayons Quit
Henry Cloud,4.6,3313,"Boundaries Updated and Expanded Edition: When to Say Yes, How to Say No To Take Control of Your Life"
Sandra Cisneros,4.1,1448,The House on Mango Street
R. J. Palacio,4.9,13204,Wonder
Merriam-Webster,4.6,499,"Webster's Spanish-English Dictionary for Students, Second Edition (English and Spanish Edition)"
Dr. Jason Fung,4.7,1988,"The Complete Guide to Fasting: Heal Your Body Through Intermittent, Alternate-Day, and Extended Fasting"
Tim Alberta,4.3,52,American Carnage: On the Front Lines of the Republican Civil War and the Rise of President Trump
Sharon Jones,4.4,15,Burn After Writing
"Gundry  MD, Dr. Steven R",4.3,2272,"The Plant Paradox: The Hidden Dangers in ""Healthy"" Foods That Cause Disease and Weight Gain"
David Epstein,4.6,83,Range: Why Generalists Triumph in a Specialized World
Malcolm Gladwell,4.6,5233,Outliers: The Story of Success
"Gottman PhD, John",4.7,1598,The Seven Principles for Making Marriage Work: A Practical Guide from the Country's Foremost Relationship Expert
Gina Homolka,4.7,195,The Skinnytaste Air Fryer Cookbook: The 75 Best Healthy Recipes for Your Air Fryer
Joanna Gaines,4.7,2031,Magnolia Table: A Collection of Recipes for Gathering
Louise Penny,N/A,0,A Better Man: A Chief Inspector Gamache Novel
Stephen R. Covey,4.6,5213,The 7 Habits of Highly Effective People: Powerful Lessons in Personal Change
Maria Semple,4.3,5859,"Where'd You Go, Bernadette: A Novel"
Hillary Rodham Clinton,N/A,0,The Book of Gutsy Women: Favorite Stories of Courage and Resilience
Melissa Hartwig,4.6,3536,The Whole30: The 30-Day Guide to Total Health and Food Freedom
"Greger M.D. FACLM, Michael",4.8,3149,How Not to Die: Discover the Foods Scientifically Proven to Prevent and Reverse Disease
"Greger M.D. FACLM, Michael",4.8,3149,How Not to Die: Discover the Foods Scientifically Proven to Prevent and Reverse Disease
Tim O'Brien,4.4,2626,The Things They Carried
Monica Sweeney,4.8,367,Zen as F*ck: A Journal for Practicing the Mindful Art of Not Giving a Sh*t (Zen as F*ck Journals)
J. D. Salinger,4.1,3473,The Catcher in the Rye
Linda Sue Park,4.7,1738,A Long Walk to Water: Based on a True Story
Donna Tartt,3.8,26192,The Goldfinch: A Novel (Pulitzer Prize for Fiction)
Trudy Ludwig,4.8,303,The Invisible Boy
Markus Zusak,4.6,19245,The Book Thief
Marie Forleo,N/A,0,Everything Is Figureoutable
The Princeton Review,4.3,12,"Cracking the SAT Premium Edition with 8 Practice Tests, 2020: The All-in-One Solution for Your Highest Possible Score (College Test Preparation)"
Carol S. Dweck,4.4,2439,Mindset: The New Psychology of Success
iClicker,4.5,178,iClicker2 Student Remote
Bill Martin Jr.,4.8,2743,Chicka Chicka Boom Boom (Board Book)
Naomi Kleinberg,4.5,1700,P is for Potty! (Sesame Street) (Lift-the-Flap)
Mike Barrett,4.4,125,SAT Prep Black Book: The Most Effective SAT Strategies Ever Published
Manhattan Prep,4.5,482,"5 lb. Book of GRE Practice Problems: 1,800+ Practice Problems in Book and Online (Manhattan Prep 5 lb Series)"
Columbia Law Review,4.2,142,"The Bluebook: A Uniform System of Citation, 20th Edition"
Benjamin Graham,4.5,1949,The Intelligent Investor: The Definitive Book on Value Investing. A Book of Practical Counsel (Revised Edition)
Kristin Hannah,4.8,38606,The Nightingale: A Novel
Crispin Boyer,4.8,610,"National Geographic Kids Why?: Over 1,111 Answers to Everything"
Rick Riordan,4.8,2334,Percy Jackson and the Olympians 5 Book Paperback Boxed Set (new covers w/poster) (Percy Jackson & the Olympians)
Jen Fisch,4.3,721,"The Easy 5-Ingredient Ketogenic Diet Cookbook: Low-Carb, High-Fat Recipes for Busy People on the Keto Diet"
Bryan Stevenson,4.8,3629,Just Mercy: A Story of Justice and Redemption
Kaplan Test Prep,4.2,109,GRE Prep Plus 2020: Practice Tests + Proven Strategies + Online + Video + Mobile (Kaplan Test Prep)
Marco Borges,4.2,104,"The Greenprint: Plant-Based Diet, Best Body, Better World"
Katherine Applegate,4.8,2691,The One and Only Ivan
Annie F. Downs,4.7,354,100 Days to Brave: Devotions for Unlocking Your Most Courageous Self
Viola Davis,4.8,20,Corduroy Takes a Bow
Marty Smith,5.0,9,"Never Settle: Sports, Family, and the American Soul"
"Lewis RN  PhD  FAAN, Sharon L.",4.0,97,"Medical-Surgical Nursing: Assessment and Management of Clinical Problems, Single Volume"
National Geographic Kids,4.8,1204,"5,000 Awesome Facts (About Everything!) (National Geographic Kids)"
Laura Lippman,3.9,114,Lady in the Lake: A Novel
"Lewis RN  PhD  FAAN, Sharon L.",4.0,97,"Medical-Surgical Nursing: Assessment and Management of Clinical Problems, Single Volume"
National Geographic Kids,4.8,1204,"5,000 Awesome Facts (About Everything!) (National Geographic Kids)"
Laura Lippman,3.9,114,Lady in the Lake: A Novel
K.L. Slater,4.4,98,The Silent Ones: An absolutely gripping psychological thriller
Travis Bradberry,4.1,1443,Emotional Intelligence 2.0
Margaret Atwood,4.1,15044,The Handmaid's Tale
Lisa Regan,4.7,40,Her Silent Cry: An absolutely gripping mystery thriller (Detective Josie Quinn Book 6)
Stephen C. Yeazell,3.0,2,Civil Procedure [Connected Casebook] (Aspen Casebook)
Editors of Phoenix International Publications,4.5,68,"World of Eric Carle, Hear Bear Roar 30 Animal Sound Book - PI Kids (The World of Eric Carle: Play-a-sound)"
Rod Campbell,4.8,3014,Dear Zoo: A Lift-the-Flap Book
James Patterson,4.4,930,The 18th Abduction (Women's Murder Club)
Andrea Beaty,4.9,1265,"Rosie Revere, Engineer"
Jon Krakauer,4.3,2763,Into the Wild
Amor Towles,4.7,10840,A Gentleman in Moscow: A Novel
Alice Schertle,4.9,3882,Little Blue Truck board book
Eckhart Tolle,4.6,5984,The Power of Now
Deborah Diesen,4.8,3074,The Pout-Pout Fish
Maria Dismondy,4.7,698,Spaghetti in a Hot Dog Bun: Having the Courage To Be Who You Are
Kelly Harms,4.4,2801,The Overdue Life of Amy Byler
George Takei,4.9,67,They Called Us Enemy
Conor Riordan,3.8,460,Wacky Waving Inflatable Tube Guy (RP Minis)
Daniel J. Siegel,4.6,982,The Whole-Brain Child: 12 Revolutionary Strategies to Nurture Your Child's Developing Mind
School Zone,4.0,315,"School Zone - Multiplication 0-12 Flash Cards - Ages 8+, 3rd Grade, 4th Grade, Elementary Math, Multiplication Facts, Common Core, and More"
Merriam-Webster,4.1,317,Merriam-Webster's Pocket Dictionary
Patrick Lencioni,4.6,2206,The Five Dysfunctions of a Team: A Leadership Fable
The Washington Post,4.4,745,The Mueller Report
George Orwell,4.4,3149,Animal Farm
Marino Zapete,4.8,33,La Crónica Irreverente (Spanish Edition)
Editors of Phoenix International Publications,4.3,180,Nickelodeon - Paw Patrol Me Reader Electronic Reader and 8-Book Library - PI Kids
Chinua Achebe,4.3,1703,Things Fall Apart
Jory John,4.7,112,The Good Egg
Arthur Edward Waite,4.5,1411,The Rider Tarot Deck
Chinua Achebe,4.3,1703,Things Fall Apart
Jory John,4.7,112,The Good Egg
Arthur Edward Waite,4.5,1411,The Rider Tarot Deck
Megan Goldin,4.2,377,The Escape Room: A Novel
Marcus Pfister,4.4,1092,The Rainbow Fish
Linda Castillo,4.6,175,Shamed: A Kate Burkholder Novel
Robert T. Kiyosaki,4.6,7745,Rich Dad Poor Dad: What the Rich Teach Their Kids About Money That the Poor and Middle Class Do Not!
Aldous Huxley,4.2,2534,Brave New World
Tammi Sauer,4.6,64,Nugget and Fang: Friends Forever--or Snack Time?
Colson Whitehead,4.2,4529,The Underground Railroad: A Novel
Stephen King,N/A,0,The Institute: A Novel
Michael A. Singer,4.7,5069,The Untethered Soul: The Journey Beyond Yourself
Adele Faber,4.6,1437,How to Talk So Kids Will Listen & Listen So Kids Will Talk
Mandy Robotham,4.7,667,The German Midwife: A new historical romance for 2019 from the USA Today best seller.
Scholastic,4.9,321,Super Deluxe Essential Handbook (Pokémon): The Need-to-Know Stats and Facts on Over 800 Characters
Blake Crouch,4.5,487,Recursion: A Novel
Melody Beattie,4.6,2285,Codependent No More: How to Stop Controlling Others and Start Caring for Yourself
Jeannette Walls,4.6,7758,The Glass Castle: A Memoir
Disney Book Group,4.8,798,The Disney Princess Cookbook
Julia Cook,4.7,325,A Bad Case of Tattle Tongue
John Grisham,N/A,0,The Guardians: A Novel
Mary Pope Osborne,4.8,1326,"Magic Tree House Boxed Set, Books 1-4: Dinosaurs Before Dark, The Knight at Dawn, Mummies in the Morning, and Pirates Past Noon"
TEAS Exam Secrets Test Prep Team,4.7,4532,"ATI TEAS Secrets Study Guide: TEAS 6 Complete Study Manual, Full-Length Practice Tests, Review Video Tutorials for the Test of Essential Academic Skills, Sixth Edition"
Maurice Sendak,4.7,2283,Where the Wild Things Are
Pierce Brown,4.5,102,Dark Age
Vinny Guadagnino,N/A,0,The Keto Guido Cookbook: Delicious Recipes to Get Healthy and Look Great
Robert H Sitkoff,4.5,15,"Wills Trusts & Estates, Tenth Edition [Connected Casebook] (Aspen Casebook)"
Sue Grafton,4.4,1533,V is for Vengeance (Kinsey Millhone Book 22)
Robert Munsch,4.8,7148,Love You Forever
Simon Sinek,4.5,2375,Start with Why: How Great Leaders Inspire Everyone to Take Action
Tommy Orange,4.0,743,There There
Richard C. Morais,4.5,57,The Man with No Borders: A Novel
Sue Grafton,4.4,1533,V is for Vengeance (Kinsey Millhone Book 22)
Robert Munsch,4.8,7148,Love You Forever
Simon Sinek,4.5,2375,Start with Why: How Great Leaders Inspire Everyone to Take Action
Tommy Orange,4.0,743,There There
Richard C. Morais,4.5,57,The Man with No Borders: A Novel
Lois Ehlert,4.5,337,Eating the Alphabet
Anthony Doerr,4.6,28715,All the Light We Cannot See: A Novel
Taylor Jenkins Reid,4.3,995,Daisy Jones & The Six: A Novel
Minnie Birdsong,4.6,295,Now You Are One (Little Bird Greetings)
Mo Willems,4.8,778,Waiting Is Not Easy! (An Elephant and Piggie Book)
Clint McElroy,4.9,113,The Adventure Zone: Murder on the Rockport Limited!
Gary Paulsen,4.7,2536,Hatchet
School Zone,4.7,667,"School Zone - Big Kindergarten Workbook - Ages 5 to 6, Early Reading and Writing, Numbers 0-20, Matching, Story Order, and More (School Zone Big Workbook Series)"
Zora Neale Hurston,4.5,1570,Their Eyes Were Watching God
Deborah Schecter,4.5,740,First Little Readers Parent Pack: Guided Reading Level A: 25 Irresistible Books That Are Just the Right Level for Beginning Readers
Kerry Patterson,4.6,1322,"Crucial Conversations Tools for Talking When Stakes Are High, Second Edition"
Mary Ellen Taylor,4.5,1025,Winter Cottage
Rhys Bowen,4.0,55,Love and Death Among the Cheetahs (A Royal Spyness Mystery Book 13)
Dav Pilkey,N/A,0,Dog Man: Fetch-22: From the Creator of Captain Underpants (Dog Man #8)
Louie Giglio,4.8,524,Indescribable: 100 Devotions for Kids About God and Science
Robert Greene,4.5,2815,48 Laws of Power
Alan Gratz,4.8,389,Refugee
Dinah Bucholz,4.6,1701,The Unofficial Harry Potter Cookbook: From Cauldron Cakes to Knickerbocker Glory--More Than 150 Magical Recipes for Wizards and Non-Wizards Alike (Unofficial Cookbook)
Paul David Tripp,4.9,999,New Morning Mercies: A Daily Gospel Devotional
Bobby Lynn Maslen,4.7,1657,"Bob Books, Set 1: Beginning Readers"
Dr. BJ Miller,4.9,31,A Beginner's Guide to the End: Practical Advice for Living Life and Facing Death
Ocean Vuong,4.3,116,On Earth We're Briefly Gorgeous: A Novel
Workman Publishing,4.8,565,Everything You Need to Ace Math in One Big Fat Notebook: The Complete Middle School Study Guide (Big Fat Notebooks)
Daniel Kahneman,4.5,3161,"Thinking, Fast and Slow"
Chandler Baker,4.0,111,Whisper Network: A Novel
Melinda Gates,4.7,308,The Moment of Lift: How Empowering Women Changes the World
Mark Haddon,4.3,3961,The Curious Incident of the Dog in the Night-Time
Responsive Classroom,4.6,57,The First Six Weeks of School
Jennifer Serravallo,4.9,425,The Reading Strategies Book: Your Everything Guide to Developing Skilled Readers
Janet Evanovich,4.3,2001,Look Alive Twenty-Five: A Stephanie Plum Novel
Paper Peony Press,4.3,990,Lettering and Modern Calligraphy: A Beginner's Guide: Learn Hand Lettering and Brush Lettering
Yangsook Choi,4.7,195,The Name Jar
John Carreyrou,4.8,2623,Bad Blood: Secrets and Lies in a Silicon Valley Startup
Andrzej Sapkowski,4.3,551,Blood of Elves (The Witcher Book 1)
"Zietlow Miller, Pat",4.7,198,Be Kind
Mark Sullivan,4.7,26393,Beneath a Scarlet Sky: A Novel
Vivian Ho,4.0,38,Those Who Wander: America’s Lost Street Kids
Dr. Seuss,4.6,914,The Little Blue Box of Bright and Early Board Books by Dr. Seuss (Bright & Early Board Books(TM))
Kobi Yamada,4.8,746,What Do You Do With an Idea?  — New York Times best seller
N/A,4.8,1865,"Lamaze Peek-A-Boo Forest, Fun Interactive Baby Book with Inspiring Rhymes and Stories"
Silly Bear,4.8,399,Unicorn Coloring Book: For Kids Ages 4-8 (US Edition)
National Geographic,3.9,355,"50 States, 5,000 Ideas: Where to Go, When to Go, What to See, What to Do"
Jim Collins,4.5,2310,Good to Great: Why Some Companies Make the Leap and Others Don't
Jim Collins,4.5,2310,Good to Great: Why Some Companies Make the Leap and Others Don't
Gin Stephens,4.8,1355,"Delay, Don't Deny: Living an Intermittent Fasting Lifestyle"
Seuss,4.8,1565,"Dr. Seuss's Beginner Book Collection (Cat in the Hat, One Fish Two Fish, Green Eggs and Ham, Hop on Pop, Fox in Socks)"
Ree Drummond,N/A,0,The Pioneer Woman Cooks: The New Frontier: 112 Fantastic Favorites for Everyday Eating
Moriah Elizabeth,4.8,164,Create This Book 2 (Volume 2)
Audrey Penn,4.8,973,The Kissing Hand (The Kissing Hand Series)
Sally Rooney,3.6,444,Normal People: A Novel
Anna Kang,4.4,338,Eraser
Natasha Wing,4.8,257,The Night Before First Grade
Pretty Simple Press,4.4,663,Good Days Start With Gratitude: A 52 Week Guide To Cultivate An Attitude Of Gratitude: Gratitude Journal
Roger Priddy,4.6,7991,First 100 Words
Project Management Institute,3.3,245,A Guide to the Project Management Body of Knowledge (PMBOK® Guide)–Sixth Edition
Priscilla Shirer,4.6,199,Gideon - Bible Study Book: Your Weakness. God's Strength.
Sarah Blake,3.5,197,The Guest Book: A Novel
Wizards RPG Team,4.6,608,Volo's Guide to Monsters (Dungeons & Dragons)
Activity Slayer,4.3,219,"Unicorn Activity Book for Kids Ages 4-8: A Fun Kid Workbook Game For Learning, Coloring, Dot To Dot, Mazes, Word Search and More!"
David Horowitz,4.5,194,DARK AGENDA: The War to Destroy Christian America
Joseph W. Glannon,3.4,10,Civil Procedure: A Coursebook [Connected Casebook] (Aspen Casebook)
Tim Tigner,4.5,837,The Price of Time
J.K. Rowling,4.8,284,Harry Potter: The Illustrated Collection (Books 1-3 Boxed Set)
Erwin Chemerinsky,3.7,33,Constitutional Law [Connected Casebook] (Aspen Casebook)
Ashley Spires,4.6,597,The Most Magnificent Thing
Brighter Child,4.5,1271,"Carson Dellosa - First Words Flash Cards - 54 Cards for Phonics, Sight Words, Letter Recognition, Early Development for Preschool Toddler Ages 4+"
Anthony William,4.6,4065,Medical Medium: Secrets Behind Chronic and Mystery Illness and How to Finally Heal
Sally Lloyd-Jones,4.9,2760,The Jesus Storybook Bible: Every Story Whispers His Name
Lee Child,4.4,3436,"Tripwire (Jack Reacher, Book 3)"
Hoda Kotb,N/A,0,I Really Needed This Today: Words to Live By
Atul Gawande,4.8,7313,Being Mortal: Medicine and What Matters in the End
Tish Rabe,4.8,890,There's No Place Like Space: All About Our Solar System (Cat in the Hat's Learning Library)
Margaret Atwood,N/A,0,The Testaments: A Novel
Elaine N. Marieb,3.4,57,Human Anatomy & Physiology (11th Edition)
Larry Correia,4.7,66,"Monster Hunter Guardian: Monster Hunter International, Book 7"
Kim Scott,4.4,396,Radical Candor: Be a Kick-Ass Boss Without Losing Your Humanity
Marie Kondō,4.4,14517,The Life-Changing Magic of Tidying Up: The Japanese Art of Decluttering and Organizing
Allison Wortche,3.7,7,"I Love Science: Explore with sliders, lift-the-flaps, a wheel, and more!"
Shari Lapena,4.2,60,Someone We Know: A Novel
Toni Morrison,4.1,440,Sula
Erica L. Meltzer,4.6,94,"The Critical Reader, 3rd Edition: The Complete Guide to SAT Reading"
"Gundry  MD, Dr. Steven R",4.3,617,"The Plant Paradox Cookbook: 100 Delicious Recipes to Help You Lose Weight, Heal Your Gut, and Live Lectin-Free"
Victor Schwartz,4.2,31,"Prosser, Wade and Schwartz's Torts, Cases and Materials, 13th (University Casebook Series)"
"Jarvis PhD  APN  CNP, Carolyn",4.0,16,Physical Examination and Health Assessment
Jon Gordon,4.7,1708,"The Energy Bus: 10 Rules to Fuel Your Life, Work, and Team with Positive Energy"
"Potter RN  MSN  PhD  FAAN, Patricia A.",4.0,116,Fundamentals of Nursing
Lysa TerKeurst,4.4,153,It's Not Supposed to Be This Way Study Guide: Finding Unexpected Strength When Disappointments Leave You Shattered
Lani Lynn Vale,4.8,117,I'd Rather Not (KPD Motorcycle Patrol Book 3)
Dr. Suzy Shaw,4.3,203,"The Essential Keto Diet for Beginners #2019: 5-Ingredient Affordable, Quick & Easy Ketogenic Recipes | Lose Weight, Lower Cholesterol & Reverse Diabetes | 21-Day Keto Meal Plan"
Cara Natterson,4.8,1171,The Care and Keeping of You 2: The Body Book for Older Girls
"ScholasticBooks,",4.7,212,Instant Personal Poster Sets Read All about Me: 30 Big Write-And-Read Learning Posters Ready for Kids to Personalize and Display with Pride!   [INSTANT PERSONAL POSTER SETS R] [Paperback]
J. D. Vance,4.4,12182,Hillbilly Elegy: A Memoir of a Family and Culture in Crisis
Sandra Boynton,4.7,2611,The Going-To-Bed Book
"Walker PhD, Matthew",4.7,630,Why We Sleep: Unlocking the Power of Sleep and Dreams
Christina Geist,4.1,19,"Sorry, Grown-Ups, You Can't Go to School!"
Eckhart Tolle,4.6,4232,"A New Earth: Awakening to Your Life's Purpose (Oprah's Book Club, Selection 61)"
Mike Kim,4.5,343,The LSAT Trainer: A Remarkable Self-Study Guide For The Self-Driven Student
Garth Ennis,4.8,16,The Boys Omnibus Vol. 1 TPB
Charles Brandt,4.6,983,"I Heard You Paint Houses: Frank ""The Irishman"" Sheeran & Closing the Case on Jimmy Hoffa"
B. J. Novak,4.8,4377,The Book with No Pictures
Amir Levine,4.7,1152,Attached: The New Science of Adult Attachment and How It Can Help YouFind - and Keep - Love
Brandon Turner,4.6,568,The Book on Rental Property Investing: How to Create Wealth and Passive Income Through Intelligent Buy & Hold Real Estate Investing!
Tish Rabe,4.4,58,On the First Day of Kindergarten
Wynn Kapit,4.4,1234,The Anatomy Coloring Book
Barbara O'Connor,4.8,289,Wish
Michael D. Watkins,4.4,785,"The First 90 Days: Proven Strategies for Getting Up to Speed Faster and Smarter, Updated and Expanded"
Heidi Murkoff,4.6,867,What to Expect the First Year
Mike Kim,4.5,343,The LSAT Trainer: A Remarkable Self-Study Guide For The Self-Driven Student
Garth Ennis,4.8,16,The Boys Omnibus Vol. 1 TPB
Charles Brandt,4.6,983,"I Heard You Paint Houses: Frank ""The Irishman"" Sheeran & Closing the Case on Jimmy Hoffa"
B. J. Novak,4.8,4377,The Book with No Pictures
Amir Levine,4.7,1152,Attached: The New Science of Adult Attachment and How It Can Help YouFind - and Keep - Love
Brandon Turner,4.6,568,The Book on Rental Property Investing: How to Create Wealth and Passive Income Through Intelligent Buy & Hold Real Estate Investing!
Tish Rabe,4.4,58,On the First Day of Kindergarten
Wynn Kapit,4.4,1234,The Anatomy Coloring Book
Barbara O'Connor,4.8,289,Wish
Michael D. Watkins,4.4,785,"The First 90 Days: Proven Strategies for Getting Up to Speed Faster and Smarter, Updated and Expanded"
Heidi Murkoff,4.6,867,What to Expect the First Year
Shannon Roberts,4.9,108,"Prayer Journal for Women: 52 Week Scripture, Devotional & Guided Prayer Journal"
Ibram X. Kendi,4.2,10,How to Be an Antiracist
Merriam-Webster,4.4,196,"Merriam-Webster's Dictionary and Thesaurus, Newest Edition (c) 2014"
Jay Heinrichs,4.1,128,"Thank You for Arguing, Third Edition: What Aristotle, Lincoln, and Homer Simpson Can Teach Us About the Art of Persuasion"
Robert A. Heinlein,4.5,634,The Moon Is a Harsh Mistress
"Strunk Jr., William",4.7,1854,"The Elements of Style, Fourth Edition"
Rhonda Byrne,4.6,6588,The Secret
Aphanie Kalton,4.2,187,The Easy Keto Meal Prep: 800 Easy and Delicious Recipes - 21- Day Meal Plan - Lose Up to 20 Pounds in 3 Weeks
Aaron Franklin,4.8,1680,Franklin Barbecue: A Meat-Smoking Manifesto: A Cookbook
Michael Bazzell,4.6,3,Extreme Privacy: What It Takes to Disappear in America
Rick Atkinson,4.7,228,"The British Are Coming: The War for America, Lexington to Princeton, 1775-1777 (The Revolution Trilogy)"
Kate Quinn,4.7,3167,The Alice Network: A Novel
David Grann,4.6,4309,Killers of the Flower Moon: The Osage Murders and the Birth of the FBI
Educational Testing Service,4.3,110,"Official GRE Super Power Pack, Second Edition"
Siegfried Engelmann,4.5,2626,Teach Your Child to Read in 100 Easy Lessons
N/A,4.1,1173,"Klutz Lego Chain Reactions Science & Building Kit, Age 8"
Amy Krouse Rosenthal,4.8,371,"Dear Girl,"
Simon Sinek,4.5,1093,Leaders Eat Last: Why Some Teams Pull Together and Others Don't
Jane Yolen,4.6,805,How Do Dinosaurs Say Happy Birthday?
Gordon Korman,4.7,223,Restart
Mark Manson,4.3,318,Everything Is F*cked: A Book About Hope
Stan Lee,4.8,171,"Marvel Encyclopedia, New Edition"
J.K. Rowling,4.7,15239,"Harry Potter and the Sorcerer's Stone, Book 1"
Thug Kitchen,4.6,5904,Thug Kitchen: The Official Cookbook: Eat Like You Give a F*ck (Thug Kitchen Cookbooks)
Kiki Thorpe,4.8,453,The Never Girls Collection #1 (Disney: The Never Girls)
Sharon M. Draper,4.8,2750,Out of My Mind
Napoleon Hill,4.5,5389,Think and Grow Rich: The Landmark Bestseller Now Revised and Updated for the 21st Century (Think and Grow Rich Series)
Zondervan,4.7,625,The Beginner's Bible: Timeless Children's Stories
Emily Oster,4.3,113,"Cribsheet: A Data-Driven Guide to Better, More Relaxed Parenting, from Birth to Preschool"
Jenny Hale,4.4,69,Summer at Firefly Beach: The perfect feel good summer romance
Carley Roney,4.5,1623,"The Knot Ultimate Wedding Planner & Organizer [binder edition]: Worksheets, Checklists, Etiquette, Calendars, and Answers to Frequently Asked Questions by Roney, Carley (2013) Ring-bound"
Pavel Tsatsouline,4.8,26,The Quick and the Dead: Total Training for the Advanced Minimalist
Laurie Keller,4.7,245,Do Unto Otters: A Book About Manners
Sam McBratney,4.7,2205,Guess How Much I Love You
Steve Anderson,5.0,14,The Bezos Letters: 14 Principles to Grow Your Business Like Amazon
Angela Duckworth,4.5,1210,Grit: The Power of Passion and Perseverance
Joanna Gaines,4.6,609,Homebody: A Guide to Creating Spaces You Never Want to Leave
Sharon M. Draper,4.8,2750,Out of My Mind
Napoleon Hill,4.5,5389,Think and Grow Rich: The Landmark Bestseller Now Revised and Updated for the 21st Century (Think and Grow Rich Series)
Zondervan,4.7,625,The Beginner's Bible: Timeless Children's Stories
Emily Oster,4.3,113,"Cribsheet: A Data-Driven Guide to Better, More Relaxed Parenting, from Birth to Preschool"
Jenny Hale,4.4,69,Summer at Firefly Beach: The perfect feel good summer romance
Carley Roney,4.5,1623,"The Knot Ultimate Wedding Planner & Organizer [binder edition]: Worksheets, Checklists, Etiquette, Calendars, and Answers to Frequently Asked Questions by Roney, Carley (2013) Ring-bound"
Pavel Tsatsouline,4.8,26,The Quick and the Dead: Total Training for the Advanced Minimalist
Laurie Keller,4.7,245,Do Unto Otters: A Book About Manners
Sam McBratney,4.7,2205,Guess How Much I Love You
Kerry Fisher,4.2,214,The Woman I Was Before: A gripping emotional page turner with a twist
Steve Anderson,5.0,14,The Bezos Letters: 14 Principles to Grow Your Business Like Amazon
Angela Duckworth,4.5,1210,Grit: The Power of Passion and Perseverance
Joanna Gaines,4.6,609,Homebody: A Guide to Creating Spaces You Never Want to Leave
Workman Publishing,4.8,524,Paint by Sticker Kids: Zoo Animals: Create 10 Pictures One Sticker at a Time!
C.J. Box,4.2,38,The Bitterroots: A Novel (Cassie Dewell)
Kim Krans,4.7,1504,The Wild Unknown Tarot Deck and Guidebook (Official Keepsake Box Set)
Roger Priddy,4.8,416,First 100 Board Book Box Set (3 books)
Kristin Hannah,4.6,6966,The Great Alone: A Novel
Andrzej Sapkowski,4.5,129,"The Witcher Boxed Set: Blood of Elves, The Time of Contempt, Baptism of Fire"
Gino Wickman,4.6,569,Traction: Get a Grip on Your Business
Dawn Huebner,4.7,817,What to Do When You Worry Too Much: A Kid's Guide to Overcoming Anxiety (What-to-Do Guides for Kids)
J.K. Rowling,4.9,2714,"Harry Potter and the Sorcerer's Stone: The Illustrated Edition (Harry Potter, Book 1)"
Rebecca Skloot,4.6,6145,The Immortal Life of Henrietta Lacks
Kathryn Meyer Griffith,4.5,842,Scraps of Paper (The First Spookie Town Murder Mystery Book 1)
JJ Smith,4.7,9114,10-Day Green Smoothie Cleanse
Charles Duhigg,4.5,4943,The Power of Habit: Why We Do What We Do in Life and Business
Truman Capote,4.5,1914,In Cold Blood
Jory John,4.7,1256,The Bad Seed
Zondervan,4.8,685,"NIV, Adventure Bible, Hardcover, Full Color"
Teri Turner,4.8,227,"No Crumbs Left: Whole30 Endorsed, Recipes for Everyday Food Made Marvelous"
John Green,4.4,1367,Turtles All the Way Down
Linsey Davis,4.2,13,One Big Heart: A Celebration of Being More Alike than Different
Linsey Davis,4.2,13,One Big Heart: A Celebration of Being More Alike than Different
"Greger M.D. FACLM, Michael",4.6,729,The How Not to Die Cookbook: 100+ Recipes to Help Prevent and Reverse Disease
Sue Monk Kidd,4.7,3284,The Secret Life of Bees
Ta-Nehisi Coates,4.6,4184,Between the World and Me
Laura Numeroff,4.7,921,If You Give a Mouse a Cookie Book
Robert Dugoni,4.5,1499,The Eighth Sister: A Thriller (Charles Jenkins Book 1)
Kiki Thorpe,4.5,10,The Never Girls Volume 1: Books 1-3 (Disney: The Never Girls)
Workman Publishing,4.8,352,Everything You Need to Ace Science in One Big Fat Notebook: The Complete Middle School Study Guide (Big Fat Notebooks)
Nielson Phu,4.8,270,The College Panda's SAT Math: Advanced Guide and Workbook for the New SAT
Dr. Joe Dispenza,4.8,838,Becoming Supernatural: How Common People Are Doing the Uncommon
Lisa Gray,4.3,1620,Thin Air (Jessica Shaw Book 1)
DK,4.8,45,Touch and Feel: Wild Animals
Louis Sachar,4.7,2512,Holes (Holes Series)
Joyful Journals,4.3,52,"Graph Paper Composition Notebook: Grid Paper Notebook, Quad Ruled, 100 Sheets (Large, 8.5 x 11)"
Mike Meyers,4.1,66,"CompTIA A+ Certification All-in-One Exam Guide, Tenth Edition (Exams 220-1001 & 220-1002)"
Charles L. Knapp,3.3,5,Problems in Contract Law: Cases and Materials [Connected Casebook] (Aspen Casebook)
Suzanne Lang,4.7,238,Grumpy Monkey
Dale Dubin,4.7,1050,"Rapid Interpretation of EKG's, Sixth Edition"
Abby Jimenez,N/A,0,The Happy Ever After Playlist
Bella Thorne,4.0,33,The Life of a Wannabe Mogul: Mental Disarray
"Van Slyke, Caren",4.7,347,GED Test Prep Plus 2019: 2 Practice Tests + Proven Strategies + Online (Kaplan Test Prep)
Herve Tullet,4.7,2141,"Press Here (Baby Board Book, Learning to Read Book, Toddler Board Book, Interactive Book for Kids)"
Christine Coughlin,4.6,3,A Lawyer Writes: A Practical Guide to Legal Analysis
Jennifer Serravallo,4.8,166,The Writing Strategies Book: Your Everything Guide to Developing Skilled Writers
Rand McNally,4.7,22,Rand McNally 2020 National Park Atlas & Guide
Madeline Miller,4.6,1736,CIRCE
Claire Lombardo,4.0,111,The Most Fun We Ever Had: A Novel
Susan Cain,4.5,5676,Quiet: The Power of Introverts in a World That Can't Stop Talking
Shel Silverstein,4.9,1818,Where the Sidewalk Ends: Poems and Drawings
"Middleberg MS  RD  CDN, Stephanie",4.6,485,"The Big Book of Organic Baby Food: Baby Purées, Finger Foods, and Toddler Meals For Every Stage"
Paizo Staff,3.6,6,Pathfinder Bestiary (P2)
Nicole Snow,4.6,258,No Good Doctor
Judy Blume,4.7,710,Tales of a Fourth Grade Nothing
Edward Snowden,N/A,0,Permanent Record
Joanna Faber,4.8,276,How to Talk so Little Kids Will Listen: A Survival Guide to Life with Children Ages 2-7
George R. R. Martin,4.6,10445,A Game of Thrones / A Clash of Kings / A Storm of Swords / A Feast of Crows / A Dance with Dragons 
Hayden-McNeil Publishers,4.6,490,Student Lab Notebook: 100 Spiral Bound duplicate pages(Package may vary)
Karen Katz,4.7,2059,Where Is Baby's Belly Button? A Lift-the-Flap Book
Sherman Alexie,4.6,1889,The Absolutely True Diary of a Part-Time Indian
Anthony William,4.7,2186,"Medical Medium Thyroid Healing: The Truth behind Hashimoto's, Graves', Insomnia, Hypothyroidism, Thyroid Nodules & Epstein-Barr"
John Plant,N/A,0,"Primitive Technology: A Survivalist's Guide to Building Tools, Shelters, and More in the Wild"
Rachel Maddow,N/A,0,"Blowout: Corrupted Democracy, Rogue State Russia, and the Richest, Most Destructive  Industry on Earth"
Georgia Hunter,4.8,2369,We Were the Lucky Ones: A Novel
Liane Moriarty,4.5,16324,Big Little Lies
Alexandra Penfold,4.9,59,All Are Welcome
Katie Daisy,4.3,124,"Katie Daisy 2019 - 2020 On-the-Go Weekly Planner: 17-Month Calendar with Pocket (Aug 2019 - Dec 2020, 5"" x 7"" closed)"
Diane Alber,4.8,216,I'm NOT just a Scribble...
DK,4.4,1854,Baby Touch and Feel: Animals
Judy Blume,4.7,710,Tales of a Fourth Grade Nothing
Terry Bolryder,4.8,59,Heart of the Dragons (Bad Dragons Book 2)
Edward Snowden,N/A,0,Permanent Record
Diana Gabaldon,4.6,19675,"Outlander: Outlander, Book 1"
Joanna Faber,4.8,276,How to Talk so Little Kids Will Listen: A Survival Guide to Life with Children Ages 2-7
George R. R. Martin,4.6,10445,A Game of Thrones / A Clash of Kings / A Storm of Swords / A Feast of Crows / A Dance with Dragons 
Hayden-McNeil Publishers,4.6,490,Student Lab Notebook: 100 Spiral Bound duplicate pages(Package may vary)
Karen Katz,4.7,2059,Where Is Baby's Belly Button? A Lift-the-Flap Book
Sherman Alexie,4.6,1889,The Absolutely True Diary of a Part-Time Indian
Anthony William,4.7,2186,"Medical Medium Thyroid Healing: The Truth behind Hashimoto's, Graves', Insomnia, Hypothyroidism, Thyroid Nodules & Epstein-Barr"
John Plant,N/A,0,"Primitive Technology: A Survivalist's Guide to Building Tools, Shelters, and More in the Wild"
Rachel Maddow,N/A,0,"Blowout: Corrupted Democracy, Rogue State Russia, and the Richest, Most Destructive  Industry on Earth"
Georgia Hunter,4.8,2369,We Were the Lucky Ones: A Novel
Liane Moriarty,4.5,16324,Big Little Lies
Alexandra Penfold,4.9,59,All Are Welcome
Katie Daisy,4.3,124,"Katie Daisy 2019 - 2020 On-the-Go Weekly Planner: 17-Month Calendar with Pocket (Aug 2019 - Dec 2020, 5"" x 7"" closed)"
Diane Alber,4.8,216,I'm NOT just a Scribble...
DK,4.4,1854,Baby Touch and Feel: Animals
Deborah Jones Merritt,5.0,3,Learning Evidence: From the Federal Rules to the Courtroom (Learning Series)
Caroline Jayne Church,4.8,793,I Am a Big Sister
Nathan W. Pyle,N/A,0,Strange Planet
John John Bajet,4.2,23,Bedtime for Baby Shark: Doo Doo Doo Doo Doo Doo
GMAC (Graduate Management Admission Council),3.1,8,GMAT Official Guide 2020 Bundle: 3 Books + Online Question Bank
Primary Journal,4.5,16,"Primary Journal: Black Marble,Composition Book, draw and write journal, Unruled Top, .5 Inch Ruled Bottom Half, 100 Sheets, 7.5 in x 9.25 in, 19.05 x 23.495 cm,Soft Durable Cover"
Hannah Hall,4.9,875,God Bless You and Good Night (A God Bless Book)
America's Test Kitchen,4.5,698,"The Complete Mediterranean Cookbook: 500 Vibrant, Kitchen-Tested Recipes for Living and Eating Well Every Day"
Anthony William,4.7,1476,Medical Medium Life-Changing Foods: Save Yourself and the Ones You Love with the Hidden Healing Powers of Fruits & Vegetables
"Nagoski Ph.D., Emily",4.5,448,Come as You Are: The Surprising New Science that Will Transform Your Sex Life
Mike Bayer,4.5,320,"Best Self: Be You, Only Better"
John Knowles,4.2,913,A Separate Peace
Julia Cameron,4.6,669,The Artist's Way: 25th Anniversary Edition
Marjane Satrapi,4.5,547,Persepolis: The Story of a Childhood (Pantheon Graphic Library)
Emily Oster,4.4,925,Expecting Better: Why the Conventional Pregnancy Wisdom Is Wrong--and What You Really Need to Know
"Gundry  MD, Dr. Steven R",4.1,148,"The Plant Paradox Quick and Easy: The 30-Day Plan to Lose Weight, Feel Great, and Live Lectin-Free"
Adrian Kulp,4.6,164,We're Pregnant! The First Time Dad's Pregnancy Handbook
Angie Thomas,4.7,141,The Hate U Give Collector's Edition
James Patterson,4.5,677,The First Lady
Julia Cook,4.7,135,Decibella and Her 6-Inch Voice (Communicate With Confidence)
Modern Kid Press,4.6,136,"Number Tracing Book for Preschoolers and Kids Ages 3-5: Trace Numbers Practice Workbook for Pre K, Kindergarten and Kids Ages 3-5 (Math Activity Book)"
Barbara Park,4.4,1176,Junie B. Jones's First Boxed Set Ever! (Books 1-4)
Rupi Kaur,4.6,6590,Milk and Honey
N/A,4.1,294,"teytoy My First Soft Book, Nontoxic Fabric Baby Cloth Books Early Education Toys Activity Crinkle Cloth Book for Toddler, Infants and Kids Perfect for Baby Shower -Pack of 6"
Timothy C. Winegard,4.3,11,The Mosquito: A Human History of Our Deadliest Predator
Grace Byers,4.8,257,I Am Enough
Richard Rohr,4.6,178,"The Universal Christ: How a Forgotten Reality Can Change Everything We See, Hope For, and Believe"
"Gottman Ph.D., John",4.8,56,Eight Dates: Essential Conversations for a Lifetime of Love
Brighter Child,3.7,748,"Carson Dellosa - Multiplication Flash Cards Factors 0 to 12 - 54 Cards with 100 Problems for 3rd and 4th Grade Math, Ages 8+ with Bonus Game Card (Brighter Child Flash Cards) (Packaging may vary)"
Howard Stern,3.7,1875,Howard Stern Comes Again
Jeanne Wakatsuki Houston,4.4,323,Farewell to Manzanar
Annie Grace,4.6,1101,"This Naked Mind: Control Alcohol, Find Freedom, Discover Happiness & Change Your Life"
Jacquelyn Stagg,4.7,97,Kindness Starts With You - At School
Dr. Joe Dispenza,4.6,1144,Breaking the Habit of Being Yourself: How to Lose Your Mind and Create a New One
The Modern Language Association of America,4.0,309,MLA Handbook
Arin Murphy-Hiscock,4.7,357,"The Green Witch: Your Complete Guide to the Natural Magic of Herbs, Flowers, Essential Oils, and More"
Richard Bullock,4.2,162,The Little Seagull Handbook with Exercises (Third Edition)
Jason Reynolds,4.7,342,Long Way Down
Greer Hendricks,4.2,2883,The Wife Between Us: A Novel
Neil Gaiman,4.6,2270,Good Omens
Peter Williamson,4.9,311,The Great Adventure Catholic Bible
Marsha M. Linehan,4.6,469,"DBT® Skills Training Handouts and Worksheets, Second Edition"
Cheri Smith,3.2,609,"Signing Naturally: Student Workbook, Units 1-6 (Book & DVDs)"
Rick Riordan,4.8,542,The Heroes of Olympus Paperback Boxed Set
Madeline Puckette,4.8,201,Wine Folly: Magnum Edition: The Master Guide
David Berman,4.4,36,Actual Air
Nathan Maynard,4.6,49,Hacking School Discipline: 9 Ways to Create a Culture of Empathy and Responsibility Using Restorative Justice (Hack Learning Series)
Brené Brown,4.7,1243,"Rising Strong: How the Ability to Reset Transforms the Way We Live, Love, Parent, and Lead"
Lois Lowry,4.8,2239,Number the Stars
Robert Bucknam M.D.,3.8,1054,"On Becoming Babywise: Giving Your Infant the Gift of Nighttime Sleep ""2019 edition""- Interactive Support"
John Doerr,4.3,264,"Measure What Matters: How Google, Bono, and the Gates Foundation Rock the World with OKRs"
Jeff Garrett,4.9,98,A Guide Book of United States Coins 2020
Gabi Garcia,4.6,201,Listening to My Body: A guide to helping kids understand the connection between their sensations (what the heck are those?) and feelings so that they can get better at figuring out what they need.
Caroline Jayne Church,4.8,597,I Am a Big Brother
Lorraine Hansberry,4.5,500,A Raisin in the Sun
Liz Wheeler,4.8,258,Tipping Points: How to Topple the Left's House of Cards
Lysa TerKeurst,4.7,2010,"Uninvited: Living Loved When You Feel Less Than, Left Out, and Lonely"
Sherri Duskey Rinker,4.9,3090,"Goodnight, Goodnight Construction Site (Board Book for Toddlers, Children s Board Book)"
Natasha Wing,4.4,201,The Night Before Preschool
Mark Hyman M.D.,4.1,1424,The Blood Sugar Solution 10-Day Detox Diet: Activate Your Body's Natural Ability to Burn Fat and Lose Weight Fast
Tayari Jones,4.4,2755,An American Marriage (Oprah’s Book Club): A Novel
Scott Young,4.7,20,"Ultralearning: Master Hard Skills, Outsmart the Competition, and Accelerate Your Career"
"deGrasse Tyson, Neil",4.6,4049,Astrophysics for People in a Hurry
Abby Jimenez,4.9,739,The Friend Zone
America's Test Kitchen Kids,4.8,193,The Complete Cookbook for Young Chefs
Merriam-Webster,4.2,639,"The Merriam-Webster Dictionary, New Edition (c) 2016"
William Kent Krueger,4.6,4362,Ordinary Grace: A Novel
D.J. Steinberg,4.3,52,"Second Grade, Here I Come!"
Kohei Horikoshi,5.0,10,"My Hero Academia, Vol. 20 (20)"
Amy Krouse Rosenthal,4.8,866,"I Wish You More (Encouragement Gifts for Kids, Uplifting Books for Graduation)"
Helen Hardt,4.7,434,Breathless (Steel Brothers Saga Book 10)
Modern Kid Press,4.4,121,"Trace Letters Of The Alphabet and Sight Words (On The Go): Preschool Practice Handwriting Workbook: Pre K, Kindergarten and Kids Ages 3-5 Reading And Writing"
Cindy Elsharouni,4.5,404,"Adult Coloring Book : Stress Relieving Designs Animals, Mandalas, Flowers, Paisley Patterns And So Much More: Coloring Book For Adults"
Harry K. Wong;Rosemary T. Wong,4.5,42,THE First Days of School: How to Be an Effective Teacher (Book & DVD)
Bob Goff,4.8,2968,Love Does: Discover a Secretly Incredible Life in an Ordinary World
Bella Forrest,4.5,1186,Harley Merlin and the Secret Coven
Derrick Barnes,4.9,17,The King of Kindergarten
Wizards RPG Team,4.6,264,D&D MORDENKAINEN'S TOME OF FOES (Dungeons & Dragons)
Arthur Miller,4.2,600,The Crucible: A Play in Four Acts
William Klein,1.4,3,"Business Associations, Cases and Materials on Agency, Partnerships, Llcs, and Corporations (University Casebook Series)"
Barbara Bregstein,4.5,942,Easy Spanish Step-By-Step
Karen Rostoker-Gruber,4.5,23,Ferret Fun in the Sun
Jason Fung,4.8,588,The Diabetes Code: Prevent and Reverse Type 2 Diabetes Naturally
Rick Steves,4.5,147,Rick Steves Italy 2019
Pretty Laks Creation,3.7,5,"Troop Leader Planner: A Must-Have Troop Organizer , Dated Aug 2019 - Aug 2020"
Hal Elrod,4.6,3652,The Miracle Morning: The Not-So-Obvious Secret Guaranteed to Transform Your Life - Before 8AM
Diana Gabaldon,4.7,679,"Outlander 4-Copy Boxed Set: Outlander, Dragonfly in Amber, Voyager, Drums of Autumn"
Jason Barron,4.9,29,The Visual MBA: Two Years of Business School Packed into One Priceless Book of Pure Awesomeness
Dr. Seuss,4.5,1434,You're Only Old Once!: A Book for Obsolete Children
Patrice Karst,4.8,98,The Invisible String
Deborah Diesen,4.6,50,"The Pout-Pout Fish, Far, Far from Home (A Pout-Pout Fish Adventure)"
Tom Standage,4.4,664,A History of the World in 6 Glasses
Matthew McKay,4.5,900,"The Dialectical Behavior Therapy Skills Workbook: Practical DBT Exercises for Learning Mindfulness, Interpersonal Effectiveness, Emotion Regulation & ... (A New Harbinger Self-Help Workbook)"
Ryan Holiday,4.7,833,"The Daily Stoic: 366 Meditations on Wisdom, Perseverance, and the Art of Living"
Carol Taylor,4.2,13,Fundamentals of Nursing: The Art and Science of Person-Centered Care
Jean Reagan,4.8,859,How to Babysit a Grandma (How To...relationships)
Bill Burnett,4.5,382,"Designing Your Life: How to Build a Well-Lived, Joyful Life"
Stephen King,4.8,3413,On Writing: 10th Anniversary Edition: A Memoir of the Craft
C. S. Lewis,4.7,3296,Mere Christianity
David M Greene,4.7,73,"Buy, Rehab, Rent, Refinance, Repeat: The BRRRR Rental Property Investment Strategy Made Simple"
Malala Yousafzai,4.8,568,I Am Malala: How One Girl Stood Up for Education and Changed the World (Young Readers Edition)
M Prefontaine,4.5,105,Difficult Riddles For Smart Kids: 300 Difficult Riddles And Brain Teasers Families Will Love (Books for Smart Kids)
Tiffany Jenkins,4.9,2449,High Achiever: The Incredible True Story of One Addict's Double Life
Jordan Lee Dooley,4.9,347,Own Your Everyday: Overcome the Pressure to Prove and Show Up for What You Were Made to Do
Antoni Porowski,N/A,0,Antoni in the Kitchen
Mat Best,N/A,0,Thank You for My Service
Jimmy Fallon,4.3,432,Everything Is Mama
Rick Riordan,N/A,0,"The Tyrant's Tomb (The Trials of Apollo, Book Four)"
Brighter Child,4.5,809,"Carson Dellosa - Alphabet Flash Cards - 54 Cards for Toddler Early Learning, Uppercase and Lowercase Letters, ABCs with Bonus Game Card, Ages 4+ (Brighter Child Flash Cards)"
Kerry Lonsdale,4.2,582,Last Summer: A Novel
Edith Hamilton,4.4,630,Mythology: Timeless Tales of Gods and Heroes
Inc. Peter Pauper Press,4.6,2366,The Personal Internet Address & Password Logbook
Dan Santat,4.7,291,After the Fall (How Humpty Dumpty Got Back Up Again)
E. B White,4.8,1615,Charlotte's Web
Jon Gordon,4.8,148,The Coffee Bean: A Simple Lesson to Create Positive Change
Kate DiCamillo,4.8,1273,Because of Winn-Dixie
Seamus Heaney,4.4,451,Beowulf: A New Verse Translation (Bilingual Edition)
Julie Ann Walker,4.5,137,In Moonlight and Memories: Volume One
Jason Reynolds,4.8,235,Ghost (1) (Track)
Nicole Dennis-Benn,4.7,25,Patsy: A Novel
Eric Schmidt,4.5,163,Trillion Dollar Coach: The Leadership Playbook of Silicon Valley's Bill Campbell
Kurt Vonnegut,4.2,3021,Slaughterhouse-Five: A Novel (Modern Library 100 Best Novels)
Catherine D. Hughes,4.8,1277,National Geographic Little Kids First Big Book of Space (National Geographic Little Kids First Big Books)
Law School Admission Council,4.7,69,"10 Actual, Official LSAT PrepTests Volume VI: (PrepTests 72–81)"
Kevin Henkes,4.7,398,Chrysanthemum
John Boyne,4.6,1982,The Boy in the Striped Pajamas
Dan Dobbs,2.9,8,"Torts and Compensation, Personal Accountability and Social Responsibility for Injury, Concise (American Casebook Series)"
Daniel James Brown,4.8,20963,The Boys in the Boat: Nine Americans and Their Epic Quest for Gold at the 1936 Berlin Olympics
Erik Larson,4.3,5934,"The Devil in the White City: Murder, Magic, and Madness at the Fair That Changed America"
Edith Hamilton,4.4,630,Mythology: Timeless Tales of Gods and Heroes
Inc. Peter Pauper Press,4.6,2366,The Personal Internet Address & Password Logbook
Dan Santat,4.7,291,After the Fall (How Humpty Dumpty Got Back Up Again)
E. B White,4.8,1615,Charlotte's Web
Nelson DeMille,4.0,3098,The Cuban Affair: A Novel
Sophie Ranald,4.0,101,Sorry Not Sorry: The perfect laugh out loud romantic comedy
Jon Gordon,4.8,148,The Coffee Bean: A Simple Lesson to Create Positive Change
Kate DiCamillo,4.8,1273,Because of Winn-Dixie
Seamus Heaney,4.4,451,Beowulf: A New Verse Translation (Bilingual Edition)
Julie Ann Walker,4.5,137,In Moonlight and Memories: Volume One
Jason Reynolds,4.8,235,Ghost (1) (Track)
Nicole Dennis-Benn,4.7,25,Patsy: A Novel
Eric Schmidt,4.5,163,Trillion Dollar Coach: The Leadership Playbook of Silicon Valley's Bill Campbell
"Brown PhD, Michael L.",4.6,23,Jezebel's War With America: The Plot to Destroy Our Country and What We Can Do to Turn the Tide
Sandra Boynton,4.8,1328,Moo Baa La La La
School Zone,4.6,534,"School Zone - Preschool Scholar Workbook - 64 Pages, Ages 3 to 5, Preschool to Kindergarten, Reading Readiness, Early Math, Science, ABCs, Writing, and More"
Raj Haldar,4.6,456,P Is for Pterodactyl: The Worst Alphabet Book Ever
Sue Johnson,4.6,742,Hold Me Tight: Seven Conversations for a Lifetime of Love
Teacher Created Resources Staff,4.5,414,Teacher Record Book
Yukito Kishiro,4.6,64,Battle Angel Alita Deluxe Complete Series Box Set
Joyce Meyer,4.8,1090,Trusting God Day by Day: 365 Daily Devotions
Anna Todd,4.6,65,"Anna Todd's The After Series 5 Books Set (After Ever Happy, After, After We Collided, After We Fell, Before)"
Scarlett Wing,4.7,58,Potty Time! (Daniel Tiger) (Daniel Tiger's Neighborhood)
Cormac McCarthy,4.1,4644,The Road
Wizards RPG Team,4.7,436,Dungeon Master's Screen Reincarnated (Dungeons & Dragons)
Harvey Karp,4.4,484,The Happiest Baby on the Block; Fully Revised and Updated Second Edition: The New Way to Calm Crying and Help Your Newborn Baby Sleep Longer
Matthew Paul Turner,4.9,373,When I Pray for You
Suzanne Stabile,4.6,142,The Path Between Us: An Enneagram Journey to Healthy Relationships
Jimmy Fallon,4.2,1789,Your Baby's First Word Will Be DADA
Anna Todd,4.2,393,After We Collided (The After Series Book 2)
J. R. R. Tolkien,4.7,9058,The Hobbit
Gary Chapman,4.7,1158,The 5 Love Languages of Children: The Secret to Loving Children Effectively
"Gundry  MD, Dr. Steven R",4.3,126,The Longevity Paradox: How to Die Young at a Ripe Old Age (The Plant Paradox)
Milton William Cooper,4.4,1052,Behold a Pale Horse
Joseph Slate,4.7,164,Miss Bindergarten Gets Ready for Kindergarten
Phil Knight,4.8,2798,Shoe Dog: A Memoir by the Creator of Nike
Ben Folds,4.7,10,A Dream About Lightning Bugs: A Life of Music and Cheap Lessons
Andrew Rea,N/A,0,Binging with Babish: 100 Recipes Recreated from Your Favorite Movies and TV Shows
Sonya Renee Taylor,4.7,163,"Celebrate Your Body (and Its Changes, Too!): The Ultimate Puberty Book for Girls"
Leslie Patricelli,4.6,3375,Potty (Leslie Patricelli board books)
Timothy Keller,4.8,1289,The Meaning of Marriage: Facing the Complexities of Commitment with the Wisdom of God
Marcin Batylda,N/A,0,The World of Cyberpunk 2077
Jacqueline Woodson,4.8,207,Each Kindness (Jane Addams Award Book (Awards))
Gina Homolka,4.7,2413,"The Skinnytaste Cookbook: Light on Calories, Big on Flavor"
Agatha Christie,4.5,2409,And Then There Were None
Jimmy Fallon,4.2,1789,Your Baby's First Word Will Be DADA
J. R. R. Tolkien,4.7,9058,The Hobbit
Gary Chapman,4.7,1158,The 5 Love Languages of Children: The Secret to Loving Children Effectively
"Gundry  MD, Dr. Steven R",4.3,126,The Longevity Paradox: How to Die Young at a Ripe Old Age (The Plant Paradox)
Milton William Cooper,4.4,1052,Behold a Pale Horse
Joseph Slate,4.7,164,Miss Bindergarten Gets Ready for Kindergarten
Phil Knight,4.8,2798,Shoe Dog: A Memoir by the Creator of Nike
Ben Folds,4.7,10,A Dream About Lightning Bugs: A Life of Music and Cheap Lessons
Andrew Rea,N/A,0,Binging with Babish: 100 Recipes Recreated from Your Favorite Movies and TV Shows
Sonya Renee Taylor,4.7,163,"Celebrate Your Body (and Its Changes, Too!): The Ultimate Puberty Book for Girls"
Leslie Patricelli,4.6,3375,Potty (Leslie Patricelli board books)
Timothy Keller,4.8,1289,The Meaning of Marriage: Facing the Complexities of Commitment with the Wisdom of God
Marcin Batylda,N/A,0,The World of Cyberpunk 2077
Jacqueline Woodson,4.8,207,Each Kindness (Jane Addams Award Book (Awards))
Gina Homolka,4.7,2413,"The Skinnytaste Cookbook: Light on Calories, Big on Flavor"
Agatha Christie,4.5,2409,And Then There Were None
Mark Rader,4.5,400,"World of Eric Carle, Around the Farm 30-Button Sound Book - PI Kids"
Colleen Hoover,4.7,2988,Verity
Nelson A Denis,4.9,507,War Against All Puerto Ricans: Revolution and Terror in America's Colony
David D. Burns,4.4,1612,Feeling Good: The New Mood Therapy
Lee Child,4.7,8,Blue Moon: A Jack Reacher Novel
Bryan R Johnson,4.5,70,Code 7: Cracking the Code for an Epic Life
George Fisher,4.1,32,"Evidence, 3d (University Casebook Series)"
Peter Pauper Press,4.6,560,"I'm Dead, Now What?: Important Information About My Belongings, Business Affairs, and Wishes"
Cecelia Watson,4.5,10,"Semicolon: The Past, Present, and Future of a Misunderstood Mark"
"Gilbert, David N., M.D.",3.3,11,The Sanford Guide to Antimicrobial Therapy 2019: 50 Years: 1969-2019
James Dean,4.8,487,Pete the Cat: Rocking in My School Shoes
Jon Meacham,4.5,116,"Songs of America: Patriotism, Protest, and the Music That Made a Nation"
"Pearson Education, Hall H",3.9,2063,MyMathLab: Student Access Kit
J L Collins,4.8,806,"The Simple Path to Wealth: Your road map to financial independence and a rich, free life"
Queen Afua,4.7,387,"Sacred Woman: A Guide to Healing the Feminine Body, Mind, and Spirit"
Steven Pressfield,4.5,3351,The War of Art
Barney Saltzberg,4.8,787,Beautiful Oops!
School Zone,4.7,432,"School Zone - Big First Grade Workbook - Ages 6 to 7, 1st Grade, Basic Math, Addition & Subtraction, Telling Time, Reading, Phonics, and More (School Zone Big Workbook Series)"
Jessica Bishop,4.6,275,"The Budget-Savvy Wedding Planner & Organizer: Checklists, Worksheets,  and Essential Tools to Plan the Perfect Wedding on a Small Budget"
Karen M. McManus,4.5,849,One of Us Is Lying
Wizards RPG Team,4.5,94,Dungeons & Dragons Ghosts of Saltmarsh Hardcover Book (D&D Adventure)
"Van Dusen, Chris",5.0,10,If I Built a School
Ishmael Beah,4.6,1853,A Long Way Gone: Memoirs of a Boy Soldier
Daniele Bott,4.7,240,Chanel: Collections and Creations
Hans Rosling,4.6,1068,Factfulness: Ten Reasons We're Wrong About the World--and Why Things Are Better Than You Think
Dan Schilling,4.8,94,Alone at Dawn: Medal of Honor Recipient John Chapman and the Untold Story of the World's Deadliest Special Operations Force
N/A,4.6,963,Start Where You Are: A Journal for Self-Exploration
"Moore MSc  PhD  Hon. DSc  FIAC, Keith L.",4.0,20,Clinically Oriented Anatomy
Paul McCartney,N/A,0,Hey Grandude!
Kendall Ryan,4.6,194,Playing for Keeps (Hot Jocks Book 1)
Megan Devine,4.8,457,It's OK That You're Not OK: Meeting Grief and Loss in a Culture That Doesn't Understand
T. D. Jakes,4.8,233,Crushing: God Turns Pressure into Power
HESI,4.3,547,Admission Assessment Exam Review
Barney Saltzberg,4.8,787,Beautiful Oops!
School Zone,4.7,432,"School Zone - Big First Grade Workbook - Ages 6 to 7, 1st Grade, Basic Math, Addition & Subtraction, Telling Time, Reading, Phonics, and More (School Zone Big Workbook Series)"
Jessica Bishop,4.6,275,"The Budget-Savvy Wedding Planner & Organizer: Checklists, Worksheets,  and Essential Tools to Plan the Perfect Wedding on a Small Budget"
Karen M. McManus,4.5,849,One of Us Is Lying
Wizards RPG Team,4.5,94,Dungeons & Dragons Ghosts of Saltmarsh Hardcover Book (D&D Adventure)
"Van Dusen, Chris",5.0,10,If I Built a School
Ishmael Beah,4.6,1853,A Long Way Gone: Memoirs of a Boy Soldier
Daniele Bott,4.7,240,Chanel: Collections and Creations
Hans Rosling,4.6,1068,Factfulness: Ten Reasons We're Wrong About the World--and Why Things Are Better Than You Think
Dan Schilling,4.8,94,Alone at Dawn: Medal of Honor Recipient John Chapman and the Untold Story of the World's Deadliest Special Operations Force
N/A,4.6,963,Start Where You Are: A Journal for Self-Exploration
"Moore MSc  PhD  Hon. DSc  FIAC, Keith L.",4.0,20,Clinically Oriented Anatomy
Paul McCartney,N/A,0,Hey Grandude!
Kendall Ryan,4.6,194,Playing for Keeps (Hot Jocks Book 1)
Megan Devine,4.8,457,It's OK That You're Not OK: Meeting Grief and Loss in a Culture That Doesn't Understand
Pam Muñoz Ryan,4.7,883,Esperanza Rising (Scholastic Gold)
Mark Teague,4.7,89,How I Spent My Summer Vacation (Dragonfly Books)
Dale Bredesen,4.6,796,The End of Alzheimer's: The First Program to Prevent and Reverse Cognitive Decline
Lin-Manuel Miranda,4.8,2163,Hamilton: The Revolution
Daniel Coyle,4.8,297,The Culture Code: The Secrets of Highly Successful Groups
Kathryne Taylor,4.8,758,Love Real Food: More Than 100 Feel-Good Vegetarian Favorites to Delight the Senses and Nourish the Body
Darren Hardy,4.8,2066,The Compound Effect: Multiply Your Success One Simple Step at a Time
Thanhha Lai,4.6,636,Inside Out and Back Again
Alvin Schwartz,4.5,5,Scary Stories to Tell in the Dark: Three Books to Chill Your Bones: All 3 Scary Stories Books with the Original Art!
Cara Natterson,4.8,266,Guy Stuff: The Body Book for Boys
Anna Todd,4.1,992,After (The After Series Book 1)
Daniel R. Day,5.0,35,Dapper Dan: Made in Harlem: A Memoir
Thomas Phelan,4.4,515,"1-2-3 Magic: 3-Step Discipline for Calm, Effective, and Happy Parenting"
Chris Ferrie,4.4,58,Baby University ABC's Four-Book Set
Andrea Beaty,4.8,634,"Iggy Peck, Architect"
Gary Keller,4.7,2688,The ONE Thing: The Surprisingly Simple Truth Behind Extraordinary Results
Jim Clifton,4.2,30,It's the Manager: Gallup finds the quality of managers and team leaders is the single biggest factor in your organization's long-term success.
Robert Sabuda,4.9,1336,Encyclopedia Prehistorica Dinosaurs : The Definitive Pop-Up
Editors of Phoenix International Publications,4.6,33,Disney Pixar - Toy Story 4 Look and Find - PI Kids
Priscilla Shirer,4.8,821,The Armor of God
Rick Warren,4.7,2077,The Purpose Driven Life: What on Earth Am I Here For?
Nick Cafardo,4.2,42,If These Walls Could Talk: Boston Red Sox
Workman Publishing,4.6,252,Everything You Need to Ace World History in One Big Fat Notebook: The Complete Middle School Study Guide (Big Fat Notebooks)
"Agabegi MD, Dr. Steven",3.6,11,Step-Up to Medicine (Step-Up Series)
Peter Pauper Press Inc.,4.4,341,Essentials Weekly Planner Stickers (Set of 575 Stickers)
Saint Mary's Press,4.9,35,"The Catholic Youth Bible, 4th Edition, NABRE: New American Bible Revised Edition"
William Shakespeare,4.3,799,Macbeth (Folger Shakespeare Library)
"Weseley Ed.D., Allyson J.",4.7,149,Barron's AP Psychology with Online Tests
Darril Gibson,4.5,329,CompTIA Security+ Get Certified Get Ahead: SY0-501 Study Guide
Patrick M. Lencioni,4.7,471,The Ideal Team Player: How to Recognize and Cultivate The Three Essential Virtues
Roger Fisher,4.5,772,Getting to Yes: Negotiating Agreement Without Giving In
Robin Wall Kimmerer,4.8,561,"Braiding Sweetgrass: Indigenous Wisdom, Scientific Knowledge and the Teachings of Plants"
Gary Keller,4.7,2688,The ONE Thing: The Surprisingly Simple Truth Behind Extraordinary Results
Jim Clifton,4.2,30,It's the Manager: Gallup finds the quality of managers and team leaders is the single biggest factor in your organization's long-term success.
Robert Sabuda,4.9,1336,Encyclopedia Prehistorica Dinosaurs : The Definitive Pop-Up
Scott Sutton,4.9,112,I Love You Like...
Editors of Phoenix International Publications,4.6,33,Disney Pixar - Toy Story 4 Look and Find - PI Kids
Priscilla Shirer,4.8,821,The Armor of God
Rick Warren,4.7,2077,The Purpose Driven Life: What on Earth Am I Here For?
Nick Cafardo,4.2,42,If These Walls Could Talk: Boston Red Sox
Workman Publishing,4.6,252,Everything You Need to Ace World History in One Big Fat Notebook: The Complete Middle School Study Guide (Big Fat Notebooks)
"Agabegi MD, Dr. Steven",3.6,11,Step-Up to Medicine (Step-Up Series)
Peter Pauper Press Inc.,4.4,341,Essentials Weekly Planner Stickers (Set of 575 Stickers)
Saint Mary's Press,4.9,35,"The Catholic Youth Bible, 4th Edition, NABRE: New American Bible Revised Edition"
William Shakespeare,4.3,799,Macbeth (Folger Shakespeare Library)
"Weseley Ed.D., Allyson J.",4.7,149,Barron's AP Psychology with Online Tests
Darril Gibson,4.5,329,CompTIA Security+ Get Certified Get Ahead: SY0-501 Study Guide
Patrick M. Lencioni,4.7,471,The Ideal Team Player: How to Recognize and Cultivate The Three Essential Virtues
Darril Gibson,4.5,329,CompTIA Security+ Get Certified Get Ahead: SY0-501 Study Guide
Patrick M. Lencioni,4.7,471,The Ideal Team Player: How to Recognize and Cultivate The Three Essential Virtues
Roger Fisher,4.5,772,Getting to Yes: Negotiating Agreement Without Giving In
Robin Wall Kimmerer,4.8,561,"Braiding Sweetgrass: Indigenous Wisdom, Scientific Knowledge and the Teachings of Plants"
Tom Rath,4.1,617,"Strengths Based Leadership: Great Leaders, Teams, and Why People Follow"
"Hartwig Urban, Melissa",4.5,391,The Whole30 Fast & Easy Cookbook: 150 Simply Delicious Everyday Recipes for Your Whole30
Sharon Maas,3.7,28,The Violin Maker's Daughter: Absolutely heartbreaking World War 2 historical fiction
James Rickards,3.9,28,Aftermath: Seven Secrets of Wealth Preservation in the Coming Chaos
John Steinbeck,4.2,739,The Pearl
Angela Marsons,4.7,98,Child's Play: A totally unputdownable serial killer thriller (Detective Kim Stone Crime Thriller Book 11)
Gregg Jarrett,N/A,0,Witch Hunt: The Story of the Greatest Mass Delusion in American Political History
America's Test Kitchen,4.6,130,Vegetables Illustrated: An Inspiring Guide with 700+ Kitchen-Tested Recipes
Esther Pia Cordova,4.6,54,"I Can't Do That, YET: Growth Mindset"
Crazy Tired Beetches,4.3,137,Fuck This Shit Show: A Gratitude Journal for Tired-Ass Women (Cuss Words Make Me Happy)
William Kamkwamba,4.7,297,"The Boy Who Harnessed the Wind, Young Reader's Edition"
Inglath Cooper,4.3,1705,That Month in Tuscany
Roger Price,4.8,355,Mad Libs on the Road
C. S. Lewis,4.6,2337,The Screwtape Letters
Rodman Philbrick,4.6,596,Freak the Mighty (Scholastic Gold)
Allen Carr,4.7,1420,Allen Carr's Easy Way To Stop Smoking
Graham Greene,4.3,149,The Heart of the Matter
"Agassi Ph.D., Martine",4.5,579,Hands Are Not for Hitting (Board Book) (Best Behavior Series)
Kaplan Test Prep,4.6,140,ASVAB Prep Plus 2018-2019: 6 Practice Tests + Proven Strategies + Online + Video (Kaplan Test Prep)
J.K. Rowling,4.8,564,"Harry Potter and the Prisoner of Azkaban: The Illustrated Edition (Harry Potter, Book 3)"
David Lagercrantz,N/A,0,"The Girl Who Lived Twice: A Lisbeth Salander novel, continuing Stieg Larsson's Millennium Series"
Gregory Boyle,4.8,702,Tattoos on the Heart: The Power of Boundless Compassion
Penelope Sky,3.6,34,The Scotch Series Boxset: Contemporary Dark Romance
Yann Martel,4.4,6777,Life of Pi
Pete Buttigieg,4.8,509,Shortest Way Home: One Mayor's Challenge and a Model for America's Future
"Greene PhD, Ross W.",4.6,397,"Explosive Child, The: A New Approach For Understanding And Parenting Easily Frustrated, Chronically Inflexible Children"
Andrzej Sapkowski,4.6,1476,The Last Wish: Introducing the Witcher
Meredith Jacobs,4.8,813,"Just Between Us: Mother & Daughter: A No-Stress, No-Rules Journal (Activity Journal for Teen Girls and Moms, Diary for Tween Girls)"
Bill Watterson,4.9,2018,The Complete Calvin and Hobbes
"de la Cruz, Melissa",4.6,47,Escape from the Isle of the Lost: A Descendants Novel (The Descendants)
Greg McKeown,4.6,1554,Essentialism: The Disciplined Pursuit of Less
Timothy Ferriss,4.4,5182,"The 4-Hour Workweek: Escape 9-5, Live Anywhere, and Join the New Rich"
Katrin Davidsdottir,4.8,7,Dottir: My Journey to Becoming a Two-Time CrossFit Games Champion
Soraya M. Lane,4.6,106,The Girls of Pearl Harbor
Kay Winters,4.4,68,This School Year Will Be the BEST!
Joanna Gaines,4.8,225,We Are the Gardeners
Roger Price,4.8,355,Mad Libs on the Road
C. S. Lewis,4.6,2337,The Screwtape Letters
Rodman Philbrick,4.6,596,Freak the Mighty (Scholastic Gold)
Allen Carr,4.7,1420,Allen Carr's Easy Way To Stop Smoking
"Agassi Ph.D., Martine",4.5,579,Hands Are Not for Hitting (Board Book) (Best Behavior Series)
Kaplan Test Prep,4.6,140,ASVAB Prep Plus 2018-2019: 6 Practice Tests + Proven Strategies + Online + Video (Kaplan Test Prep)
J.K. Rowling,4.8,564,"Harry Potter and the Prisoner of Azkaban: The Illustrated Edition (Harry Potter, Book 3)"
David Lagercrantz,N/A,0,"The Girl Who Lived Twice: A Lisbeth Salander novel, continuing Stieg Larsson's Millennium Series"
Gregory Boyle,4.8,702,Tattoos on the Heart: The Power of Boundless Compassion
Penelope Sky,3.6,34,The Scotch Series Boxset: Contemporary Dark Romance
Yann Martel,4.4,6777,Life of Pi
Pete Buttigieg,4.8,509,Shortest Way Home: One Mayor's Challenge and a Model for America's Future
"Greene PhD, Ross W.",4.6,397,"Explosive Child, The: A New Approach For Understanding And Parenting Easily Frustrated, Chronically Inflexible Children"
Andrzej Sapkowski,4.6,1476,The Last Wish: Introducing the Witcher
Meredith Jacobs,4.8,813,"Just Between Us: Mother & Daughter: A No-Stress, No-Rules Journal (Activity Journal for Teen Girls and Moms, Diary for Tween Girls)"
Nielson Phu,4.9,193,The College Panda's SAT Writing: Advanced Guide and Workbook
Mark Pett,4.6,360,The Girl Who Never Made Mistakes
Rupi Kaur,4.6,1279,The Sun and Her Flowers
"Van Ness, Jonathan",N/A,0,Over the Top: A Raw Journey to Self-Love
Kendra Elliot,4.8,584,A Merciful Promise (Mercy Kilpatrick Book 6)
Anne Frank,4.6,2035,Anne Frank: The Diary of a Young Girl
Michael Kracht,4.4,716,"ABC's for Boys (Alphabet Book, Baby Book, Children's Book, Toddler Book)"
Shelly Westerhausen,4.3,77,"Platters and Boards: Beautiful, Casual Spreads for Every Occasion (Appetizer Cookbooks, Dinner Party Planning Books, Food Presentation Books)"
David G. Myers,4.3,36,Myers' Psychology for the Ap(r) Course
Patrick Radden Keefe,4.6,287,Say Nothing: A True Story of Murder and Memory in Northern Ireland
Laurel Randolph,4.0,2857,The Instant Pot Electric Pressure Cooker Cookbook: Easy Recipes for Fast & Healthy Meals
David L. Roll,4.6,11,George Marshall: Defender of the Republic
DK,4.8,1422,My First Touch and Feel Picture Cards: First Words (My 1st T&F Picture Cards)
Octavia E. Butler,4.6,1348,Kindred
Emmeline Bloom,3.9,5,Lesson Planner: Teacher Agenda For Class Organization and Planning | Weekly and Monthly Academic Year (July - August) | Blue Floral (2019-2020)
James Dean,4.9,1251,Pete the Cat: I Love My White Shoes
Ibram X. Kendi,4.7,330,Stamped from the Beginning: The Definitive History of Racist Ideas in America (National Book Award Winner)
Brené Brown,4.6,1069,Braving the Wilderness: The Quest for True Belonging and the Courage to Stand Alone
James Dean,5.0,6,Pete the Kitty's First Day of Preschool (Pete the Cat)
Anna Todd,4.6,282,After We Fell (The After Series Book 3)
Melody Beattie,4.8,1422,The Language of Letting Go: Daily Meditations for Codependents (Hazelden Meditation Series)
Dawn McMillan,4.5,661,I Need a New Butt!
Brad Thor,4.6,859,Spymaster: A Thriller (The Scot Harvath Series Book 18)
J.K. Rowling,4.8,1155,Hogwarts Library (Harry Potter)
David Allen,4.4,719,Getting Things Done: The Art of Stress-Free Productivity
Stephen C. Yeazell,5.0,1,"Federal Rules of Civil Procedure: With Selected Statutes and Other Materials, 2019 (Supplements)"
Martha Hall Kelly,4.6,6003,Lilac Girls: A Novel
James Stewart,3.9,141,Calculus: Early Transcendentals
iClicker,4.3,78,iClicker2 Student Remote and Reef 6m Packaging
Ben Shapiro,4.8,749,The Right Side of History: How Reason and Moral Purpose Made the West Great
Liv Constantine,4.2,1480,The Last Mrs. Parrish
Emerson Eggerichs,4.6,2711,Love & Respect: The Love She Most Desires; The Respect He Desperately Needs
Michael Crichton,3.9,1927,A Case of Need: A Novel
Meg Jay,4.7,971,The Defining Decade: Why Your Twenties Matter--And How to Make the Most of Them Now
Michelle Alexander,4.7,2980,The New Jim Crow:  Mass Incarceration in the Age of Colorblindness
Adam Higginbotham,4.8,408,Midnight in Chernobyl
Stassi Schroeder,4.3,369,Next Level Basic: The Definitive Basic Bitch Handbook
"Snowden MA, Samantha",4.5,48,Anger Management Workbook for Kids: 50 Fun Activities to Help Children Stay Calm and Make Better Choices When They Feel Mad
Jo Nesbo,4.6,149,Knife: A New Harry Hole Novel (Harry Hole Series)
Steve Harvey,4.5,4602,"Act Like a Lady, Think Like a Man, Expanded Edition: What Men Really Think About Love, Relationships, Intimacy, and Commitment"
Andrew Yang,4.8,302,The War on Normal People: The Truth About America's Disappearing Jobs and Why Universal Basic Income Is Our Future
American Medical Association,3.0,112,CPT 2019 (CPT / Current Procedural Terminology (Professional Edition))
Diane Alber,4.9,57,Sticks
Grant Achatz,4.5,41,The Aviary Cocktail Book
J. Ryan Stradal,4.7,39,The Lager Queen of Minnesota: A Novel
"Halter PhD  APRN, Margaret Jordan",4.0,46,Varcarolis' Foundations of Psychiatric-Mental Health Nursing: A Clinical Approach
Handwriting Time,4.7,375,Lots and Lots of Letter Tracing Practice!
J.K. Rowling,4.9,1028,"Harry Potter and the Chamber of Secrets: The Illustrated Edition (Harry Potter, Book 2)"
Danielle Walker,4.8,424,"Danielle Walker's Eat What You Love: Everyday Comfort Food You Crave; Gluten-Free, Dairy-Free, and Paleo Recipes: A C ookbook"
Dan Green,4.7,772,How to Draw 101 Animals
"Burns PhD  RN  CPNP-PC  FAAN, Catherine E.",4.1,61,Pediatric Primary Care
Kaplan Test Prep,4.4,47,SAT Prep Plus 2020: 5 Practice Tests + Proven Strategies + Online (Kaplan Test Prep)
Derek Munson,4.9,227,"Enemy Pie : (Reading Rainbow Book, Children’s Book about Kindness, Kids Books about Learning)"
"Perry RN  PhD  FAAN, Shannon E.",4.0,123,Maternal Child Nursing Care
Scholastic,4.7,254,Wipe Clean Workbook: Pre-K (Scholastic Early Learners)
Matt Maiocco,5.0,11,Letters to 87
Alvin Schwartz,4.7,415,Scary Stories to Tell in the Dark Series: More Scary Stories to Tell in the Dark; Scary Stories to Tell in the Dark 3 (Book sets for Kids: Grade 3 and Up) by Alvin Schwartz (1981) Paperback
Liz Williams,4.1,89,"Keto Meal Prep: Lose Weight, Save Time, and Feel Your Best on the Ketogenic Diet"
Suzanne Collins,4.7,25411,The Hunger Games: Special Edition
Max Monroe,4.6,308,My Brother's Billionaire Best Friend
Dr. Seuss,4.7,1176,Happy Birthday to You!
Daniel Lipkowitz,4.2,1920,The Lego Ideas Book: Unlock Your Imagination
"Ku M.A., Richard",3.5,11,Barron's SAT Subject Test: Math Level 2 with Online Tests (Barron's Test Prep)
Liv Constantine,4.2,1480,The Last Mrs. Parrish
Richard Scarry,4.9,1129,Richard Scarry's Cars and Trucks and Things That Go
Richard N. Bolles,3.9,42,What Color Is Your Parachute? 2019: A Practical Manual for Job-Hunters and Career-Changers
Dav Pilkey,4.9,416,Dog Man: The Epic Collection: From the Creator of Captain Underpants (Dog Man #1-3 Boxed Set)
Nicholas A. Christakis,4.5,33,Blueprint: The Evolutionary Origins of a Good Society
Alex Hirsch,4.8,1789,Gravity Falls: Journal 3
Bonnie Worth,4.8,310,Oh Say Can You Say Di-no-saur?: All About Dinosaurs (Cat in the Hat's Learning Library)
Nic Stone,4.8,323,Dear Martin
Dr. Lynda Madison,4.8,601,The Feelings Book (Revised): The Care and Keeping of Your Emotions
Wizards RPG Team,N/A,0,Dungeons & Dragons Baldur's Gate: Descent Into Avernus Hardcover Book (D&D Adventure)
Peter Brown,4.8,455,The Wild Robot
Martha R. Taylor,4.1,39,Campbell Biology: Concepts & Connections
Karen Frazier,4.8,363,Crystals for Beginners: The Guide to Get Started with the Healing Power of Crystals
Joyce Meyer,4.8,3663,Battlefield of the Mind: Winning the Battle in Your Mind
"Criado Perez, Caroline",4.7,33,Invisible Women: Data Bias in a World Designed for Men
Crystal Chatterton,4.7,173,Awesome Science Experiments for Kids: 100+ Fun STEM / STEAM Projects and Why They Work
Ernest Cline,4.6,19039,Ready Player One
Tomi Adeyemi,4.7,2070,Children of Blood and Bone
David Baldacci,N/A,0,A Minute to Midnight (An Atlee Pine Thriller Book 2)
Benjamin Dreyer,4.5,315,Dreyer's English: An Utterly Correct Guide to Clarity and Style
Joseph W. Glannon,4.8,6,Examples & Explanations for Civil Procedure
Emily Jensen,N/A,0,Risen Motherhood: Gospel Hope for Everyday Moments
Max Lucado,4.7,803,Anxious for Nothing: Finding Calm in a Chaotic World
Liz Williams,4.1,89,"Keto Meal Prep: Lose Weight, Save Time, and Feel Your Best on the Ketogenic Diet"
Suzanne Collins,4.7,25411,The Hunger Games: Special Edition
Max Monroe,4.6,308,My Brother's Billionaire Best Friend
Max Monroe,4.6,308,My Brother's Billionaire Best Friend
Dr. Seuss,4.7,1176,Happy Birthday to You!
Daniel Lipkowitz,4.2,1920,The Lego Ideas Book: Unlock Your Imagination
"Ku M.A., Richard",3.5,11,Barron's SAT Subject Test: Math Level 2 with Online Tests (Barron's Test Prep)
Richard Scarry,4.9,1129,Richard Scarry's Cars and Trucks and Things That Go
Richard N. Bolles,3.9,42,What Color Is Your Parachute? 2019: A Practical Manual for Job-Hunters and Career-Changers
John Locke,4.2,18,Size Matters
Dav Pilkey,4.9,416,Dog Man: The Epic Collection: From the Creator of Captain Underpants (Dog Man #1-3 Boxed Set)
Nicholas A. Christakis,4.5,33,Blueprint: The Evolutionary Origins of a Good Society
Alex Hirsch,4.8,1789,Gravity Falls: Journal 3
Carsten Jensen,3.7,20,The First Stone
Bonnie Worth,4.8,310,Oh Say Can You Say Di-no-saur?: All About Dinosaurs (Cat in the Hat's Learning Library)
Nic Stone,4.8,323,Dear Martin
Dr. Lynda Madison,4.8,601,The Feelings Book (Revised): The Care and Keeping of Your Emotions
Wizards RPG Team,N/A,0,Dungeons & Dragons Baldur's Gate: Descent Into Avernus Hardcover Book (D&D Adventure)
Martin Kleppmann,4.7,175,"Designing Data-Intensive Applications: The Big Ideas Behind Reliable, Scalable, and Maintainable Systems"
Wizards RPG Team,N/A,0,Dungeons & Dragons Baldur's Gate: Descent Into Avernus Hardcover Book (D&D Adventure)
Martin Kleppmann,4.7,175,"Designing Data-Intensive Applications: The Big Ideas Behind Reliable, Scalable, and Maintainable Systems"
Oprah Winfrey,4.3,304,The Path Made Clear: Discovering Your Life's Direction and Purpose
Casey McQuiston,4.7,566,"Red, White & Royal Blue: A Novel"
Chanel Cleeton,4.4,835,Next Year in Havana
Willard A. Palmer,4.6,1124,"Alfred's Basic Adult All-in-One Course, Book 1: Learn How to Play Piano with Lesson, Theory and Technic: Lesson, Theory, Technique (Alfred's Basic Adult Piano Course)"
David Wallace-Wells,4.3,316,The Uninhabitable Earth: Life After Warming
Jared Chapman,4.4,21,Fruits in Suits
Wizards RPG Team,4.6,321,Curse of Strahd: A Dungeons & Dragons Sourcebook
Jocko Willink,4.8,307,The Dichotomy of Leadership: Balancing the Challenges of Extreme Ownership to Lead and Win
Warren Sharp,4.2,48,Warren Sharp's 2019 Football Preview
Marc Franklin,4.5,5,Tort Law and Alternatives: Cases and Materials (University Casebook Series)
Tao Le,3.8,29,"First Aid for the USMLE Step 2 CK, Tenth Edition"
James Patterson,N/A,0,The 19th Christmas (Women's Murder Club)
Joy-Ann Reid,4.0,71,The Man Who Sold America: Trump and the Unraveling of the American Story
Jesse Dukeminier,3.5,7,Property [Connected Casebook] (Aspen Casebook)
James Patterson,N/A,0,The 19th Christmas (Women's Murder Club)
Joy-Ann Reid,4.0,71,The Man Who Sold America: Trump and the Unraveling of the American Story
Jesse Dukeminier,3.5,7,Property [Connected Casebook] (Aspen Casebook)
Laurie Halse Anderson,4.5,1746,Speak
Napoleon Hill,4.6,277,"Think and Grow Rich: The Original, an Official Publication of The Napoleon Hill Foundation"
Steven Rinella,4.9,500,The MeatEater Fish and Game Cookbook: Recipes and Techniques for Every Hunter and Angler
John C. P. Goldberg,4.2,17,Tort Law: Responsibilities and Redress [Connected Casebook] (Aspen Casebook)
Bob Sornson,4.7,158,The Juice Box Bully: Empowering Kids to Stand Up for Others
"Gray Morris RN  BSN  MA  LNC, Deborah C.",4.7,24,Calculate with Confidence
Diana Hacker,4.2,158,A Writer's Reference
Penelope Sky,4.7,228,The Wolf and the Sheep
James Patterson,3.3,467,"Filthy Rich: A Powerful Billionaire, the Sex Scandal that Undid Him, and All the Justice that Money Can Buy: The Shocking True Story of Jeffrey Epstein"
Project Management Institute,3.7,95,A Guide to the Project Management Body of Knowledge (PMBOK(R) Guide-Sixth Edition / Agile Practice Guide Bundle (Pmbok Guide)
Jonathan Cahn,N/A,0,The Oracle: The Jubilean Mysteries Unveiled
Jodi Picoult,4.7,8377,Small Great Things: A Novel
Stephen K. Rose,4.8,109,The Peach Truck Cookbook: 100 Delicious Recipes for All Things Peach
Gertrude Chandler Warner,4.7,633,The Boxcar Children Books 1-4
Wendy Ewald,4.8,106,The Best Part of Me: Children Talk About their Bodies in Pictures and Words
Cotter Smith,4.4,2770,The Millionaire Next Door: The Surprising Secrets of America's Rich
Dave Canterbury,4.5,1631,Bushcraft 101: A Field Guide to the Art of Wilderness Survival
Lili Valente,4.5,230,The Baby Maker (The Hunter Brothers Book 1)
Joshua Dressler,N/A,0,Cases and Materials on Criminal Law (American Casebook Series)
Susan Orlean,4.2,862,The Library Book
Jack Carr,4.9,100,"True Believer: A Novel (Terminal List, Book 2)"
Fredrik Backman,4.6,16773,A Man Called Ove: A Novel
Piggyback,4.5,589,The Legend of Zelda: Breath of the Wild The Complete Official Guide: -Expanded Edition
Natasha Daniels,4.7,31,"Social Skills Activities for Kids: 50 Fun Exercises for Making Friends, Talking and Listening, and Understanding Social Rules"
Bret Contreras,N/A,0,Glute Lab: The Art and Science of Strength and Physique Training
Lippincott,4.5,15,Nursing2020 Drug Handbook
Janine Halloran,4.4,47,"Coping Skills for Kids Workbook: Over 75 Coping Strategies to Help Kids Deal with Stress, Anxiety and Anger"
Conde Nast,4.3,9,Vogue
Aaron Zenz,4.5,1160,The Hiccupotamus
Kristen Ashley,4.6,153,Quiet Man: A Dream Man Novella
Anna Todd,4.5,342,After Ever Happy (4) (The After Series)
Wizards RPG Team,N/A,0,Dungeons & Dragons Essentials Kit (D&D Boxed Set)
Inglath Cooper,4.3,1705,That Month in Tuscany
Brandi Brucks,4.4,649,Potty Training in 3 Days: The Step-by-Step Plan for a Clean Break from Dirty Diapers
Kazuo Ishiguro,3.7,1875,Never Let Me Go
Nancy Linde,4.5,606,"399 Games, Puzzles & Trivia Challenges Specially Designed to Keep Your Brain Young."
Diane Alber,4.8,51,Scribble Stones
Peter G. Northouse,3.9,39,Leadership: Theory and Practice
"Buttaro PhD  ANP-BC  GNP-BC  CEN  FAANP  FNAP, Terry Mahan",4.4,60,Primary Care: A Collaborative Practice
Mercer Mayer,4.8,725,The New Baby
Francis Chan,4.8,508,Letters to the Church
Chimamanda Ngozi Adichie,4.5,4113,Americanah
Pema Chodron,4.6,1105,When Things Fall Apart: Heart Advice for Difficult Times
Esther Perel,4.5,599,Mating in Captivity: Reconciling the Erotic & the Domestic
Adam Rex,4.3,85,School's First Day of School
Michael Bungay Stanier,4.6,1396,"The Coaching Habit: Say Less, Ask More & Change the Way You Lead Forever"
Marc Sumerak,N/A,0,Star Wars: The Secrets of the Jedi
Danielle Steel,4.5,191,Lost and Found: A Novel
Inc. BarCharts,4.4,134,Ti 84 Plus Calculator (Quick Study Academic)
Robert Kirkman,4.8,5,The Walking Dead Volume 32
Priscilla Shirer,4.9,2913,"Fervent: A Woman's Battle Plan to Serious, Specific and Strategic Prayer"
"Ball RN  DrPH  CPNP, Jane W.",2.5,30,Seidel's Guide to Physical Examination: An Interprofessional Approach (Mosby's Guide to Physical Examination)
Jean Fischer,4.9,441,I Prayed for You
Peter H. Reynolds,4.6,16,Say Something
Bill O'Reilly,N/A,0,The United States of Trump: How the President Really Sees America
William Shakespeare,4.5,1348,Romeo and Juliet (Folger Shakespeare Library)
Karina Bliss,4.0,17,Mr Imperfect: Lost Boys #1
Kath Stathers,4.3,67,The Bucket List: 1000 Adventures Big & Small
Gerald Corey,4.4,87,Theory and Practice of Counseling and Psychotherapy
"Hoffman PhD  RN  ANEF, Janice",3.6,56,Davis Advantage for Medical-Surgical Nursing: Making Connections to Practice
Celeste Ng,4.1,4621,Everything I Never Told You: A Novel
Douglas Preston,N/A,0,Old Bones (Nora Kelly Book 1)
Veronica Wagner,4.6,35,Peppa Pig - Moonlight Bright Sound Book and Flashlight Set - PI Kids
Parragon Books,4.4,94,A Collection of Stories for 2 Year Olds
Christopher Greyson,4.3,1429,The Girl Who Lived
Raina Telgemeier,4.8,227,The Baby-Sitters Club Graphix #1-4 Box Set: Full-Color Edition
Elizabeth Kolbert,4.5,1716,The Sixth Extinction: An Unnatural History
Shawn Achor,4.7,1218,The Happiness Advantage: How a Positive Brain Fuels Success in Work and Life
J.R.R. Tolkien,4.5,2444,The Hobbit and The Lord of the Rings: Deluxe Pocket Boxed Set
Laura Hillenbrand,4.8,532,Unbroken (The Young Adult Adaptation): An Olympian's Journey from Airman to Castaway to Captive
John C. Bogle,4.6,227,The Little Book of Common Sense Investing: The Only Way to Guarantee Your Fair Share of Stock Market Returns (Little Books. Big Profits)
Shannon Boodram,5.0,53,The Game of Desire: 5 Surprising Secrets to Dating with Dominance - and Getting What You Want
Kentaro Miura,4.8,105,Berserk Deluxe Volume 1
Lane Rebelo,4.8,114,Baby Sign Language Made Easy: 101 Signs to Start Communicating with Your Child Now
Brené Brown,4.6,818,"I Thought It Was Just Me (but it isn't): Making the Journey from ""What Will People Think?"" to ""I Am Enough"""
Grant Cardone,4.6,1379,The 10X Rule: The Only Difference Between Success and Failure
Erica L. Meltzer,4.3,70,"4th Edition, The Ultimate Guide to SAT Grammar"
The Editors of Draft Engine,3.9,3,Draft Engine Fantasy Football 2019
Karen Abbott,4.4,27,"The Ghosts of Eden Park: The Bootleg King, the Women Who Pursued Him, and the Murder That Shocked Jazz-Age America"
Gary Chapman,4.3,53,The 5 Languages of Appreciation in the Workplace: Empowering Organizations by Encouraging People
Gaia Cornwall,4.9,121,Jabari Jumps
Rick Steves,4.5,83,Rick Steves Ireland 2019
Jordan P. Novak,4.1,15,Mosquitoes Can't Bite Ninjas
Elans Journal,4.4,112,"Sketch Book: 8.5"" X 11"", Personalized Artist Sketchbook: 109 pages, Sketching, Drawing and Creative Doodling. Notebook and Sketchbook to Draw and Journal (Workbook and Handbook)"
"Townsend DSN  PMHCNS-BC, Mary C.",4.2,130,Psychiatric Mental Health Nursing: Concepts of Care in Evidence-Based Practice
Charles King,4.0,2,"Gods of the Upper Air: How a Circle of Renegade Anthropologists Reinvented Race, Sex, and Gender in the Twentieth Century"
Anthony T. Kronman,N/A,0,The Assault on American Excellence
Uncle Amon,4.6,19,"Primary Journal: Early Creative Story Book for Kids, Grades K-2"
"Mindful Kids: 50 Mindfulness Activities for Kindness , Focus and Calm",4.7,132,"Mindful Kids: 50 Mindfulness Activities for Kindness , Focus and Calm"
Stuart Woods,3.5,5,Contraband (A Stone Barrington Novel Book 50)
Rick Steves,4.7,97,Rick Steves Paris 2019
Beth Duke,4.5,269,It All Comes Back to You: A Book Club Recommendation!
Matthew Desmond,4.6,1268,Evicted: Poverty and Profit in the American City
Yaa Gyasi,4.5,1959,Homegoing
"Silvestri PhD  RN, Linda Anne",4.5,63,Saunders Comprehensive Review for the NCLEX-PN (Saunders Comprehensive Review for Nclex-Pn)
"Melnyk PhD  RN  CPNP/PMHNP  FNAP, Bernadette Mazurek",3.9,12,Evidence-Based Practice in Nursing & Healthcare: A Guide to Best Practice
Joel Fuhrman,4.5,4235,"Eat to Live: The Amazing Nutrient-Rich Program for Fast and Sustained Weight Loss, Revised Edition"
Ron Chernow,4.7,4332,Alexander Hamilton
Rhys Bowen,4.3,4107,The Tuscan Child
Test Prep Books,4.7,136,HESI A2 Study Guide 2019 & 2020: HESI Admission Assessment Exam Review 2019-2020 4th Edition & Practice Test Questions
Douglas Preston,N/A,0,Old Bones (Nora Kelly Book 1)
Veronica Wagner,4.6,35,Peppa Pig - Moonlight Bright Sound Book and Flashlight Set - PI Kids
Parragon Books,4.4,94,A Collection of Stories for 2 Year Olds
Christopher Greyson,4.3,1429,The Girl Who Lived
Raina Telgemeier,4.8,227,The Baby-Sitters Club Graphix #1-4 Box Set: Full-Color Edition
Teresa Hill,4.6,34,"Dangerous To Trust (Spies, Lies & Lovers - Book 1)"
Elizabeth Kolbert,4.5,1716,The Sixth Extinction: An Unnatural History
Shawn Achor,4.7,1218,The Happiness Advantage: How a Positive Brain Fuels Success in Work and Life
J.R.R. Tolkien,4.5,2444,The Hobbit and The Lord of the Rings: Deluxe Pocket Boxed Set
Christopher Paul Curtis,4.6,839,"Bud, Not Buddy"
Scott Abernathy,5.0,1,American Government: Stories of a Nation: For the AP® Course
Wizards RPG Team,4.2,348,Sword Coast Adventurer's Guide (Dungeons & Dragons)
Herve Tullet,4.7,535,"Mix It Up (Interactive Books for Toddlers, Learning Colors for Toddlers, Preschool and Kindergarten Reading Books)"
Brighter Child,4.3,636,"Carson Dellosa - Colors and Shapes Flash Cards - 54 Cards for Toddler / Preschool Learning, Skill Development and Identification, Ages 4+ (Brighter Child Flash Cards)"
Janet A. Meyer,4.7,506,Brain Quest Workbook: Grade 3
Phil Steele,4.7,12,Phil Steele's 2019 College Football Preview - National Cover
Amanda Doster,5.0,25,Millions of Pennies Worth
Anna Dewdney,4.7,1158,Llama Llama Red Pajama
Jones & Bartlett Learning,4.7,253,"Ugly's Electrical References, 2017 Edition"
Brian L. Weiss,4.7,2529,"Many Lives, Many Masters: The True Story of a Prominent Psychiatrist, His Young Patient, and the Past-Life Therapy That Changed Both Their Lives"
Yuval Noah Harari,4.4,1493,Homo Deus: A Brief History of Tomorrow
Leanne Vogel,4.4,2330,"The Keto Diet: The Complete Guide to a High-Fat Diet, with More Than 125 Delectable Recipes and 5 Meal Plans to Shed Weight, Heal Your Body, and Regain Confidence"
Nora Roberts,4.7,1234,"Of Blood and Bone: Chronicles of The One, Book 2"
Merriam-Webster,4.6,123,"Merriam-Webster's Elementary Dictionary, New Edition (c) 2019"
Mike Donehey,5.0,65,Finding God's Life for My Will: His Presence Is the Plan
Rick Steves,4.5,83,Rick Steves Ireland 2019
Jordan P. Novak,4.1,15,Mosquitoes Can't Bite Ninjas
Elans Journal,4.4,112,"Sketch Book: 8.5"" X 11"", Personalized Artist Sketchbook: 109 pages, Sketching, Drawing and Creative Doodling. Notebook and Sketchbook to Draw and Journal (Workbook and Handbook)"
"Townsend DSN  PMHCNS-BC, Mary C.",4.2,130,Psychiatric Mental Health Nursing: Concepts of Care in Evidence-Based Practice
Charles King,4.0,2,"Gods of the Upper Air: How a Circle of Renegade Anthropologists Reinvented Race, Sex, and Gender in the Twentieth Century"
Anthony T. Kronman,N/A,0,The Assault on American Excellence
Uncle Amon,4.6,19,"Primary Journal: Early Creative Story Book for Kids, Grades K-2"
"Mindful Kids: 50 Mindfulness Activities for Kindness , Focus and Calm",4.7,132,"Mindful Kids: 50 Mindfulness Activities for Kindness , Focus and Calm"
Stuart Woods,3.5,5,Contraband (A Stone Barrington Novel Book 50)
Rick Steves,4.7,97,Rick Steves Paris 2019
Cixin Liu,4.2,2126,The Three-Body Problem (Remembrance of Earth's Past Book 1)
Beth Duke,4.5,269,It All Comes Back to You: A Book Club Recommendation!
Matthew Desmond,4.6,1268,Evicted: Poverty and Profit in the American City
Rachael Lippincott,4.6,180,Five Feet Apart
Ian Kerner,4.4,1041,She Comes First: The Thinking Man's Guide to Pleasuring a Woman (Kerner)
"Ornish M.D., Dean",4.5,139,Undo It!: How Simple Lifestyle Changes Can Reverse Most Chronic Diseases
Nivaldo J. Tro,3.9,95,Chemistry: A Molecular Approach (4th Edition)
School Zone,4.7,393,"School Zone - Hidden Pictures Around the World Workbook - Ages 5 and Up, Hidden Objects, Hidden Picture Puzzles, Geography, Global Awareness, and More (School Zone Activity Zone® Workbook Series)"
Erin C. Amerman,3.7,36,"Exploring Anatomy & Physiology in the Laboratory, 3e"
Ravi Zacharias,4.5,58,The Logic of God: 52 Christian Essentials for the Heart and Mind
"Saladin Dr., Kenneth S.",4.1,48,Anatomy & Physiology: The Unity of Form and Function
"Damour Ph.D., Lisa",4.8,497,Untangled: Guiding Teenage Girls Through the Seven Transitions into Adulthood
Diane Alber,4.8,42,A Little SPOT of Kindness!
Brianna Caplan Sayres,4.8,1596,Where Do Diggers Sleep at Night?
"Mason MS, Paul",4.5,910,Stop Walking on Eggshells: Taking Your Life Back When Someone You Care About Has Borderline Personality Disorder
Angie Smith,4.7,479,Seamless: Understanding the Bible as One Complete Story (Member Book)
Papeterie Bleu,3.4,54,"Chaos Coordinator: 2019-2020 Weekly Planner: July 1, 2019 to June 30, 2020: Weekly & Monthly View Planner, Organizer & Diary: Modern Florals in Pink Blue & Yellow 7257"
Amy Knapp,4.8,483,2020 Amy Knapp's Big Grid Family Organizer Wall Calendar: August 2019-December 2020
Marcus Aurelius,4.4,1964,Meditations: A New Translation
Dashka Slater,4.5,151,The 57 Bus: A True Story of Two Teenagers and the Crime That Changed Their Lives
D.K. Hood,4.5,80,Whisper in the Night: An absolutely heart-stopping serial killer thriller (Detectives Kane and Alton Book 6)
"LaCharity PhD  RN, Linda A.",4.5,387,"Prioritization, Delegation, and Assignment: Practice Exercises for the NCLEX Examination"
Brighter Child,4.3,636,"Carson Dellosa - Colors and Shapes Flash Cards - 54 Cards for Toddler / Preschool Learning, Skill Development and Identification, Ages 4+ (Brighter Child Flash Cards)"
Janet A. Meyer,4.7,506,Brain Quest Workbook: Grade 3
Phil Steele,4.7,12,Phil Steele's 2019 College Football Preview - National Cover
Amanda Doster,5.0,25,Millions of Pennies Worth
Anna Dewdney,4.7,1158,Llama Llama Red Pajama
Jones & Bartlett Learning,4.7,253,"Ugly's Electrical References, 2017 Edition"
Brian L. Weiss,4.7,2529,"Many Lives, Many Masters: The True Story of a Prominent Psychiatrist, His Young Patient, and the Past-Life Therapy That Changed Both Their Lives"
Linda Coles,4.6,69,"Hey You, Pretty Face (Jack Rutherford and Amanda Lacey Book 6)"
Yuval Noah Harari,4.4,1493,Homo Deus: A Brief History of Tomorrow
Leanne Vogel,4.4,2330,"The Keto Diet: The Complete Guide to a High-Fat Diet, with More Than 125 Delectable Recipes and 5 Meal Plans to Shed Weight, Heal Your Body, and Regain Confidence"
Nora Roberts,4.7,1234,"Of Blood and Bone: Chronicles of The One, Book 2"
Merriam-Webster,4.6,123,"Merriam-Webster's Elementary Dictionary, New Edition (c) 2019"
Mike Donehey,5.0,65,Finding God's Life for My Will: His Presence Is the Plan
Dr.Seuss,4.8,1462,Green Eggs and Ham
Stephen King,4.4,4101,The Outsider
Advanced Cardiovascular Life Support (ACLS) Provider Manual,4.6,330,Advanced Cardiovascular Life Support (ACLS) Provider Manual
Maya Angelou,4.7,1222,I Know Why the Caged Bird Sings
Kobi Yamada,4.8,66,"What You Do Matters Boxed Set — Featuring all three New York Times best sellers (What Do You Do With an Idea?, What Do You Do With a Problem?, and What Do You Do With a Chance?)"
Mary Pipher,3.9,220,Women Rowing North: Navigating Life’s Currents and Flourishing As We Age
Mitch Albom,4.8,3888,"Tuesdays with Morrie: An Old Man, a Young Man, and Life's Greatest Lesson, 20th Anniversary Edition"
"Townsend DSN  PMHCNS-BC, Mary C.",3.6,50,Essentials of Psychiatric Mental Health Nursing: Concepts of Care in Evidence-Based Practice
David L. Nelson,3.7,33,Lehninger Principles of Biochemistry
Mittie Hellmich,4.6,740,"The Ultimate Bar Book: The Comprehensive Guide to Over 1,000 Cocktails (Cocktail Book, Bartender Book, Mixology Book, Mixed Drinks Recipe Book)"
Robie H. Harris,4.0,389,"It's Perfectly Normal: Changing Bodies, Growing Up, Sex, and Sexual Health (The Family Library)"
Associated Press,4.9,14,The Associated Press Stylebook 2019: and Briefing on Media Law
Tom Brady,4.2,624,The TB12 Method: How to Achieve a Lifetime of Sustained Peak Performance
"Nussbaumer Knaflic, Cole",4.6,337,Storytelling with Data: A Data Visualization Guide for Business Professionals
Mary Shelley,4.2,2555,Frankenstein
Monica Sweeney,4.8,74,Let That Sh*t Go: A Journal for Leaving Your Bullsh*t Behind and Creating a Happy Life (Zen as F*ck Journals)
Chip Heath,4.7,306,The Power of Moments: Why Certain Experiences Have Extraordinary Impact
Sheryl Browne,3.9,38,The Marriage Trap: A completely addictive psychological thriller
Mark Rippetoe,4.8,1509,"Starting Strength:  Basic Barbell Training, 3rd edition"
Nivaldo J. Tro,3.9,95,Chemistry: A Molecular Approach (4th Edition)
School Zone,4.7,393,"School Zone - Hidden Pictures Around the World Workbook - Ages 5 and Up, Hidden Objects, Hidden Picture Puzzles, Geography, Global Awareness, and More (School Zone Activity Zone® Workbook Series)"
Erin C. Amerman,3.7,36,"Exploring Anatomy & Physiology in the Laboratory, 3e"
Ravi Zacharias,4.5,58,The Logic of God: 52 Christian Essentials for the Heart and Mind
"Saladin Dr., Kenneth S.",4.1,48,Anatomy & Physiology: The Unity of Form and Function
"Damour Ph.D., Lisa",4.8,497,Untangled: Guiding Teenage Girls Through the Seven Transitions into Adulthood
Diane Alber,4.8,42,A Little SPOT of Kindness!
Brianna Caplan Sayres,4.8,1596,Where Do Diggers Sleep at Night?
"Mason MS, Paul",4.5,910,Stop Walking on Eggshells: Taking Your Life Back When Someone You Care About Has Borderline Personality Disorder
Angie Smith,4.7,479,Seamless: Understanding the Bible as One Complete Story (Member Book)
Papeterie Bleu,3.4,54,"Chaos Coordinator: 2019-2020 Weekly Planner: July 1, 2019 to June 30, 2020: Weekly & Monthly View Planner, Organizer & Diary: Modern Florals in Pink Blue & Yellow 7257"
Amy Knapp,4.8,483,2020 Amy Knapp's Big Grid Family Organizer Wall Calendar: August 2019-December 2020
Marcus Aurelius,4.4,1964,Meditations: A New Translation
Dashka Slater,4.5,151,The 57 Bus: A True Story of Two Teenagers and the Crime That Changed Their Lives
D.K. Hood,4.5,80,Whisper in the Night: An absolutely heart-stopping serial killer thriller (Detectives Kane and Alton Book 6)
"LaCharity PhD  RN, Linda A.",4.5,387,"Prioritization, Delegation, and Assignment: Practice Exercises for the NCLEX Examination"
